"ID","Authors","Type","References","Voucher_Specimens"
"bat1001","Alves","Thesis","Alves, L. D. A. 2008. Estrutura da comunidade de morcegos (Mammalia: Chiroptera) do Parque Estadual da Ilha do Cardoso, São Paulo, SP. Dissertação de Mestrado. Universidade Federal de Mato Grosso do Sul.","Coleção Zoológica de Referência, Universidade Federal de Mato Grosso do Sul (ZUFMS), Campo Grande, MS, Brazil"
"bat1002","Althoff","Unpublished data","Althoff, S. L. 2007. A Comunidade de quirópteros, sua biologia e ecologia no Parque Natural Municipal Nascentes do Garcia, Estado de Santa Catarina, Brasil. Universidade Federal do Rio Grande do Sul.","Coleção Sergio Luis Althoff (SLA), Fundação Universidade Regional de Blumenau, Blumenau, SC, Brazil"
"bat1003","Barros at al","Accepted","Barros, M. A. S., C. M. G. Morais, B. M. B. Figueiredo, G. B. de Moura-Júnior, F. F. S. Ribeiro, D. M. A. Pessoa, F. Ito, and E. Bernard. 2017. Bats (Mammalia, Chiroptera) from the Nísia Floresta National Forest, with new records for the state of Rio Grande do Norte, northeastern Brazil. Biota Neotropica 17:e20170351.","Not located"
"bat1004","Bernardi","Article","Bernardi, I. P., J. M. D. Miranda, J. Sponchiado, E. Grotto, F. F. Jacomassa, E. M. Teixeira, S. H. Roani, and F. C. Passos. 2009. Morcegos de Frederico Westphalen, Rio Grande do Sul, Brasil (Mammalia: Chiroptera): riqueza e utilização de abrigos. Biota Neotropica 9:349–354.","Coleção de Mamíferos, Departamento de Zoologia, Universidade Federal do Paraná (DZUP), Curitiba, PR, Brazil"
"bat1005","Bianconi at al","Article","Bianconi, G. V., S. B. Mikich, and W. A. Pedro. 2004. Diversidade de morcegos (Mammalia, Chiroptera) em remanescentes florestais do município de Fênix, noroeste do Paraná, Brasil. Revista Brasileira de Zoologia 21:943–954.","Museu de Historia Natural Capão da Imbuia (MHNCI), Curitiba, PR, Brazil "
"bat1006","Breviglieri","Thesis","Bosco-Breviglieri, C. P. 2008. Diversidade de morcegos (Chiroptera; Mammalia) em tres areas do noroeste paulista, com enfase nas relacoe s troficas em Phyllostomidae. Universidade Estadual Paulista.","Laboratório de Chiroptera, Universidade Estadual Paulista (DZSJRP), São José do Rio Preto, SP, Brazil"
"bat1007","Brito","Thesis","Brito, J. E. C. 2011. Morcegos do parque estadual do pico Marumbi: frugivoria e germinação de sementes. Universidade Federal do Parana.","oleção de Mamíferos, Departamento de Zoologia, Universidade Federal do Paraná (DZUP), Curitiba, PR, Brazil"
"bat1008","Brito et al ","Article","Brito, J. E. C., J. Gazarini, and C. H. Zawadzki. 2010. Abundância e frugivoria da quiropterofauna (Mammalia, chiroptera) de um fragmento no noroeste do Estado do Paraná, Brasil. Acta Scientiarum - Biological Sciences 32:265–271.","Not located"
"bat1009","Camargo et al","Article","Camargo, G., E. Fischer, F. Gonçalves, G. Fernandes, and S. Ferreira. 2009. Morcegos do Parque Nacional da Serra da Bodoquena, Mato Grosso do Sul, Brasil. Chiroptera Neotropical 15:417–424.","Coleção Zoológica de Referência, Universidade Federal de Mato Grosso do Sul (ZUFMS), Campo Grande, MS, Brazil"
"bat1010","Carvalho","Thesis","de Carvalho, M. C. 2008. Frugivoria por morcegos em floresta estacional semidecídua: dieta, riqueza de espécies e germinação de semente apos a passagem pelo sistema digestivo. UNESP.","Departamento de Zoologia, Instituto de Biociências, Universidade Estadual Paulista (UNESP), Botucatu, SP, Brazil"
"bat1011","Carvalho and Zocchi ","Article","Carvalho, F., and J. J. Zocche. 2007. Morcegos (Mammalia; Chiroptera) do campus e entorno da Universidade do Extremo Sul Catarinense. Tecnologia e Ambiente 13:1–15.","Not located"
"bat1012","Dias and Peracchi","Article","Dias, D., and A. L. Peracchi. 2008. Quirópteros da Reserva Biológica do Tinguá, estado do Rio de Janeiro, sudeste do Brasil (Mammalia: Chiroptera). Revista Brasileira de Zoologia 25:333–369.","Coleção Adriano Lúcio Peracchi (ALP), Universidade Federal Rural do Rio de Janeiro, Seropédica, RJ, Brazil"
"bat1013","Dias at al","Article","Dias, D., A. L. Peracchi, and S. S. P. da Silva. 2002. Quirópteros do Parque Estadual da Pedra Branca, Rio de Janeiro, Brasil (Mammalia, Chiroptera). Revista Brasileira de Zoologia 19:113–140.","Coleção Adriano Lúcio Peracchi (ALP), Universidade Federal Rural do Rio de Janeiro, Seropédica, RJ, Brazil"
"bat1014","dos Reis et al","Article","Reis, N. R. Dos, M. L. D. S. Barbieri, I. P. de Lima, and A. L. Peracchi. 2003. O que é melhor para manter a riqueza de espécies de morcegos (Mammalia, Chiroptera): um fragmento florestal grande ou vários fragmentos de pequeno tamanho? Revista Brasileira de Zoologia 20:225–230.","Not located"
"bat1015","dos Reis at al","Article","Reis, N. R. R., A. L. Peracchi, M. F. Muller, E. A. Bastos, and E. S. Soares. 1996. Quiropteros do parque estadual morro do diabo, São Paulo, Brasil (Mammalia, Chiroptera). Revista Brasileira de Biologia 56:87–92.","Not located"
"bat1016","dos Reis, Peracchi, de Lima, and Pedro","Article","Reis, N. R., A. L. Peracchi, I. P. de Lima, and W. A. Pedro. 2006. Riqueza de especies de morcegos (Mammalia, Ciroptera) em dois diferentes habitats, na regiao centro-sul do Parana, sul do Brasil. Revista Brasileira de Zoologia 23:813–816.","Museu de Zoologia, Universidade Estadual de Londrina, PR, Brazil and Coleção Adriano Lúcio Peracchi (ALP), Universidade Federal Rural do Rio de Janeiro, Seropédica, RJ, Brazil"
"bat1017","Evangelista ","Unpublished data","Evangelista, T. H. C. S. 2009. Diversidade De Morcegos (Mammalia, Chiroptera) No Fragmento Urbano Da Mata Do Cascão - 19 Bc, Salvador, Bahia. Pages 1–3Anais do IX Congresso de Ecologia do Brasil.","Laboratório de Diversidade do Semiárido, Universidade Estadual do Sudoeste da Bahia (UESB), Vitória da Conquista, BA, Brazil"
"bat1018","Falcao at al","Article","Falcão, F. D. C., V. F. Rebêlo, and S. A. Talamoni. 2003. Structure of a bat assemblage (Mammalia, Chiroptera) in Serra do Caraça Reserve, South-east Brazil. Revista Brasileira de Zoologia 20:347–350.","Museu de Ciências Naturais da PUC/MG (MCL), Belo Horizonte, MG, Brazil"
"bat1019","Faria","Article","Faria, D. M. 2006. Phyllostomid bats of a fragmented landscape in the north-eastern Atlantic forest, Brazil. Journal of Tropical Ecology 22:531–542.","Coleção de Mamíferos, Universidade Estadual de Santa Cruz (UESC), Ilhéus, BA, Brazil"
"bat1020","Faria","Article","Faria, D. M. 2006. Phyllostomid bats of a fragmented landscape in the north-eastern Atlantic forest, Brazil. Journal of Tropical Ecology 22:531–542.","Coleção de Mamíferos, Universidade Estadual de Santa Cruz (UESC), Ilhéus, BA, Brazil"
"bat1021","Faria","Article","Faria, D. M. 2006. Phyllostomid bats of a fragmented landscape in the north-eastern Atlantic forest, Brazil. Journal of Tropical Ecology 22:531–542.","Coleção de Mamíferos, Universidade Estadual de Santa Cruz (UESC), Ilhéus, BA, Brazil"
"bat1022","Faria","Article","Faria, D. M. 2006. Phyllostomid bats of a fragmented landscape in the north-eastern Atlantic forest, Brazil. Journal of Tropical Ecology 22:531–542.","Coleção de Mamíferos, Universidade Estadual de Santa Cruz (UESC), Ilhéus, BA, Brazil"
"bat1023","Faria","Article","Faria, D. M. 2006. Phyllostomid bats of a fragmented landscape in the north-eastern Atlantic forest, Brazil. Journal of Tropical Ecology 22:531–542.","Coleção de Mamíferos, Universidade Estadual de Santa Cruz (UESC), Ilhéus, BA, Brazil"
"bat1024","Faria","Article","Faria, D. M. 2006. Phyllostomid bats of a fragmented landscape in the north-eastern Atlantic forest, Brazil. Journal of Tropical Ecology 22:531–542.","Coleção de Mamíferos, Universidade Estadual de Santa Cruz (UESC), Ilhéus, BA, Brazil"
"bat1025","Faria","Article","Faria, D. M. 2006. Phyllostomid bats of a fragmented landscape in the north-eastern Atlantic forest, Brazil. Journal of Tropical Ecology 22:531–542.","Coleção de Mamíferos, Universidade Estadual de Santa Cruz (UESC), Ilhéus, BA, Brazil"
"bat1026","Faria","Article","Faria, D. M. 2006. Phyllostomid bats of a fragmented landscape in the north-eastern Atlantic forest, Brazil. Journal of Tropical Ecology 22:531–542.","Coleção de Mamíferos, Universidade Estadual de Santa Cruz (UESC), Ilhéus, BA, Brazil"
"bat1027","Faria","Article","Faria, D. M. 2006. Phyllostomid bats of a fragmented landscape in the north-eastern Atlantic forest, Brazil. Journal of Tropical Ecology 22:531–542.","Coleção de Mamíferos, Universidade Estadual de Santa Cruz (UESC), Ilhéus, BA, Brazil"
"bat1028","Faria","Article","Faria, D. M. 2006. Phyllostomid bats of a fragmented landscape in the north-eastern Atlantic forest, Brazil. Journal of Tropical Ecology 22:531–542.","Coleção de Mamíferos, Universidade Estadual de Santa Cruz (UESC), Ilhéus, BA, Brazil"
"bat1029","Faria","Article","Faria, D. M. 2006. Phyllostomid bats of a fragmented landscape in the north-eastern Atlantic forest, Brazil. Journal of Tropical Ecology 22:531–542.","Coleção de Mamíferos, Universidade Estadual de Santa Cruz (UESC), Ilhéus, BA, Brazil"
"bat1030","Faria","Article","Faria, D. M. 2006. Phyllostomid bats of a fragmented landscape in the north-eastern Atlantic forest, Brazil. Journal of Tropical Ecology 22:531–542.","Coleção de Mamíferos, Universidade Estadual de Santa Cruz (UESC), Ilhéus, BA, Brazil"
"bat1031","Faria","Article","Faria, D. M. 2006. Phyllostomid bats of a fragmented landscape in the north-eastern Atlantic forest, Brazil. Journal of Tropical Ecology 22:531–542.","Coleção de Mamíferos, Universidade Estadual de Santa Cruz (UESC), Ilhéus, BA, Brazil"
"bat1032","Faria","Article","Faria, D. M. 2006. Phyllostomid bats of a fragmented landscape in the north-eastern Atlantic forest, Brazil. Journal of Tropical Ecology 22:531–542.","Coleção de Mamíferos, Universidade Estadual de Santa Cruz (UESC), Ilhéus, BA, Brazil"
"bat1033","Faria","Article","Faria, D. M. 2006. Phyllostomid bats of a fragmented landscape in the north-eastern Atlantic forest, Brazil. Journal of Tropical Ecology 22:531–542.","Coleção de Mamíferos, Universidade Estadual de Santa Cruz (UESC), Ilhéus, BA, Brazil"
"bat1034","Faria","Article","Faria, D. M. 2006. Phyllostomid bats of a fragmented landscape in the north-eastern Atlantic forest, Brazil. Journal of Tropical Ecology 22:531–542.","Coleção de Mamíferos, Universidade Estadual de Santa Cruz (UESC), Ilhéus, BA, Brazil"
"bat1035","Faria","Article","Faria, D. M. 2006. Phyllostomid bats of a fragmented landscape in the north-eastern Atlantic forest, Brazil. Journal of Tropical Ecology 22:531–542.","Coleção de Mamíferos, Universidade Estadual de Santa Cruz (UESC), Ilhéus, BA, Brazil"
"bat1036","Faria","Article","Faria, D. M. 2006. Phyllostomid bats of a fragmented landscape in the north-eastern Atlantic forest, Brazil. Journal of Tropical Ecology 22:531–542.","Coleção de Mamíferos, Universidade Estadual de Santa Cruz (UESC), Ilhéus, BA, Brazil"
"bat1037","Faria","Article","Faria, D. M. 2006. Phyllostomid bats of a fragmented landscape in the north-eastern Atlantic forest, Brazil. Journal of Tropical Ecology 22:531–542.","Coleção de Mamíferos, Universidade Estadual de Santa Cruz (UESC), Ilhéus, BA, Brazil"
"bat1038","Faria","Article","Faria, D. M. 2006. Phyllostomid bats of a fragmented landscape in the north-eastern Atlantic forest, Brazil. Journal of Tropical Ecology 22:531–542.","Coleção de Mamíferos, Universidade Estadual de Santa Cruz (UESC), Ilhéus, BA, Brazil"
"bat1039","Faria","Article","Faria, D. M. 2006. Phyllostomid bats of a fragmented landscape in the north-eastern Atlantic forest, Brazil. Journal of Tropical Ecology 22:531–542.","Coleção de Mamíferos, Universidade Estadual de Santa Cruz (UESC), Ilhéus, BA, Brazil"
"bat1040","Faria","Article","Faria, D. M. 2006. Phyllostomid bats of a fragmented landscape in the north-eastern Atlantic forest, Brazil. Journal of Tropical Ecology 22:531–542.","Coleção de Mamíferos, Universidade Estadual de Santa Cruz (UESC), Ilhéus, BA, Brazil"
"bat1041","Faria","Article","Faria, D. M. 2006. Phyllostomid bats of a fragmented landscape in the north-eastern Atlantic forest, Brazil. Journal of Tropical Ecology 22:531–542.","Coleção de Mamíferos, Universidade Estadual de Santa Cruz (UESC), Ilhéus, BA, Brazil"
"bat1042","Faria","Article","Faria, D. M. 2006. Phyllostomid bats of a fragmented landscape in the north-eastern Atlantic forest, Brazil. Journal of Tropical Ecology 22:531–542.","Coleção de Mamíferos, Universidade Estadual de Santa Cruz (UESC), Ilhéus, BA, Brazil"
"bat1043","Faria","Article","Faria, D. M. 2006. Phyllostomid bats of a fragmented landscape in the north-eastern Atlantic forest, Brazil. Journal of Tropical Ecology 22:531–542.","Coleção de Mamíferos, Universidade Estadual de Santa Cruz (UESC), Ilhéus, BA, Brazil"
"bat1044","Faria","Article","Faria, D. M. 2006. Phyllostomid bats of a fragmented landscape in the north-eastern Atlantic forest, Brazil. Journal of Tropical Ecology 22:531–542.","Coleção de Mamíferos, Universidade Estadual de Santa Cruz (UESC), Ilhéus, BA, Brazil"
"bat1045","Faria","Article","Faria, D. M. 2006. Phyllostomid bats of a fragmented landscape in the north-eastern Atlantic forest, Brazil. Journal of Tropical Ecology 22:531–542.","Coleção de Mamíferos, Universidade Estadual de Santa Cruz (UESC), Ilhéus, BA, Brazil"
"bat1046","Faria","Article","Faria, D. M. 2006. Phyllostomid bats of a fragmented landscape in the north-eastern Atlantic forest, Brazil. Journal of Tropical Ecology 22:531–542.","Coleção de Mamíferos, Universidade Estadual de Santa Cruz (UESC), Ilhéus, BA, Brazil"
"bat1047","Faria","Article","Faria, D. M. 2006. Phyllostomid bats of a fragmented landscape in the north-eastern Atlantic forest, Brazil. Journal of Tropical Ecology 22:531–542.","Coleção de Mamíferos, Universidade Estadual de Santa Cruz (UESC), Ilhéus, BA, Brazil"
"bat1048","Faria","Article","Faria, D. M. 2006. Phyllostomid bats of a fragmented landscape in the north-eastern Atlantic forest, Brazil. Journal of Tropical Ecology 22:531–542.","Coleção de Mamíferos, Universidade Estadual de Santa Cruz (UESC), Ilhéus, BA, Brazil"
"bat1049","Felix at al","Article","Félix, J. S. 2003. Is the area of the Arthur Thomas park, with its 82.72 ha, surfficient to maintain viable chiropteran populations? Chiroptera Neotropical 7:129–133.","Coleção Adriano Lúcio Peracchi (ALP), Universidade Federal Rural do Rio de Janeiro, Seropédica, RJ, Brazil, and Museu de Zoologia, Universidade Estadual de Londrina (MZUEL), Londrina, PR, Brazil"
"bat1050","Gallo at al","Article","Gallo, P., N. R. dos Reis, F. R. Andrade, and I. G. De Almeida. 2010. Bats (Mammalia : Chiroptera) in native and reforested areas. International Journal of Tropical Biology. 58:1311–1322.","Museu de Zoologia, Universidade Estadual de Londrina (MZUEL), Londrina, PR, Brazil"
"bat1051","Lourenco at al","Article","Lourenço, E. C., L. M. Costa, R. M. Silva, and C. E. L. Esbérard. 2010. Bat diversity of Ilha da Marambaia, Southern Rio de Janeiro State, Brazil (Chiroptera, Mammalia). Brazilian Journal of Biology 70:511–519.","Laboratório de Diversidade de Morcegos (LDM), Universidade Federal Rural do Rio de Janeiro, Seropédica, RJ, Brazil"
"bat1052","Miranda and Zago","Article","Miranda, J. M. D., and L. Zago. 2015. Assembleia de morcegos em remanescente de floresta ombrófilas mista no planalto de Guarapuava, Paraná, Brasil. Mastozoología Neotropical 22:55–62.","Coleção de Mamíferos, Departamento de Zoologia, Universidade Federal do Paraná (DZUP), Curitiba, PR, Brazil"
"bat1053","Aguiar","Thesis","Aguiar, L. M. de S. 1994. Comunidades de Chiroptera em Três áreas de Mata Atlântica em Diferentes estágios de sucessão- Estação Biológica de Caratinga, Minas Gerais. Universidade Federal de Minas Gerais.","Not located"
"bat1054","Munster","Thesis","Munster, L. C. 2011. Padrão De Atividade E Utilização De Recursos Alimentares Por Morcegos Frugívoros (Chiroptera, Phyllostomidae) Em Uma Região Ao Sul Da Mata Atlântica. Universidade Federal do Parana.","Not located"
"bat1055","Muylaert et al ","Article","Muylaert, R. L., R. D. Stevens, and M. C. Ribeiro. 2016. Threshold effect of habitat loss on bat richness in cerrado- ­forest landscapes. Ecological Applications 26:1854–1867.","Coleção Adriano Lúcio Peracchi (ALP), Universidade Federal Rural do Rio de Janeiro, Seropédica, RJ, Brazil"
"bat1056","Muylaert et al ","Article","Muylaert, R. L., R. D. Stevens, and M. C. Ribeiro. 2016. Threshold effect of habitat loss on bat richness in cerrado- ­forest landscapes. Ecological Applications 26:1854–1867.","Coleção Adriano Lúcio Peracchi (ALP), Universidade Federal Rural do Rio de Janeiro, Seropédica, RJ, Brazil"
"bat1057","Muylaert et al ","Article","Muylaert, R. L., R. D. Stevens, and M. C. Ribeiro. 2016. Threshold effect of habitat loss on bat richness in cerrado- ­forest landscapes. Ecological Applications 26:1854–1867.","Coleção Adriano Lúcio Peracchi (ALP), Universidade Federal Rural do Rio de Janeiro, Seropédica, RJ, Brazil"
"bat1058","Muylaert et al ","Article","Muylaert, R. L., R. D. Stevens, and M. C. Ribeiro. 2016. Threshold effect of habitat loss on bat richness in cerrado- ­forest landscapes. Ecological Applications 26:1854–1867.","Coleção Adriano Lúcio Peracchi (ALP), Universidade Federal Rural do Rio de Janeiro, Seropédica, RJ, Brazil"
"bat1059","Muylaert et al ","Article","Muylaert, R. L., R. D. Stevens, and M. C. Ribeiro. 2016. Threshold effect of habitat loss on bat richness in cerrado- ­forest landscapes. Ecological Applications 26:1854–1867.","Coleção Adriano Lúcio Peracchi (ALP), Universidade Federal Rural do Rio de Janeiro, Seropédica, RJ, Brazil"
"bat1060","Muylaert et al ","Article","Muylaert, R. L., R. D. Stevens, and M. C. Ribeiro. 2016. Threshold effect of habitat loss on bat richness in cerrado- ­forest landscapes. Ecological Applications 26:1854–1867.","Coleção Adriano Lúcio Peracchi (ALP), Universidade Federal Rural do Rio de Janeiro, Seropédica, RJ, Brazil"
"bat1061","Muylaert et al ","Article","Muylaert, R. L., R. D. Stevens, and M. C. Ribeiro. 2016. Threshold effect of habitat loss on bat richness in cerrado- ­forest landscapes. Ecological Applications 26:1854–1867.","Coleção Adriano Lúcio Peracchi (ALP), Universidade Federal Rural do Rio de Janeiro, Seropédica, RJ, Brazil"
"bat1062","Muylaert et al ","Article","Muylaert, R. L., R. D. Stevens, and M. C. Ribeiro. 2016. Threshold effect of habitat loss on bat richness in cerrado- ­forest landscapes. Ecological Applications 26:1854–1867.","Coleção Adriano Lúcio Peracchi (ALP), Universidade Federal Rural do Rio de Janeiro, Seropédica, RJ, Brazil"
"bat1063","Muylaert et al ","Article","Muylaert, R. L., R. D. Stevens, and M. C. Ribeiro. 2016. Threshold effect of habitat loss on bat richness in cerrado- ­forest landscapes. Ecological Applications 26:1854–1867.","Coleção Adriano Lúcio Peracchi (ALP), Universidade Federal Rural do Rio de Janeiro, Seropédica, RJ, Brazil"
"bat1064","Muylaert et al ","Article","Muylaert, R. L., R. D. Stevens, and M. C. Ribeiro. 2016. Threshold effect of habitat loss on bat richness in cerrado- ­forest landscapes. Ecological Applications 26:1854–1867.","Coleção Adriano Lúcio Peracchi (ALP), Universidade Federal Rural do Rio de Janeiro, Seropédica, RJ, Brazil"
"bat1065","Muylaert et al ","Article","Muylaert, R. L., R. D. Stevens, and M. C. Ribeiro. 2016. Threshold effect of habitat loss on bat richness in cerrado- ­forest landscapes. Ecological Applications 26:1854–1867.","Coleção Adriano Lúcio Peracchi (ALP), Universidade Federal Rural do Rio de Janeiro, Seropédica, RJ, Brazil"
"bat1066","Muylaert et al ","Article","Muylaert, R. L., R. D. Stevens, and M. C. Ribeiro. 2016. Threshold effect of habitat loss on bat richness in cerrado- ­forest landscapes. Ecological Applications 26:1854–1867.","Coleção Adriano Lúcio Peracchi (ALP), Universidade Federal Rural do Rio de Janeiro, Seropédica, RJ, Brazil"
"bat1067","Muylaert et al ","Article","Muylaert, R. L., R. D. Stevens, and M. C. Ribeiro. 2016. Threshold effect of habitat loss on bat richness in cerrado- ­forest landscapes. Ecological Applications 26:1854–1867.","Coleção Adriano Lúcio Peracchi (ALP), Universidade Federal Rural do Rio de Janeiro, Seropédica, RJ, Brazil"
"bat1068","Muylaert et al ","Article","Muylaert, R. L., R. D. Stevens, and M. C. Ribeiro. 2016. Threshold effect of habitat loss on bat richness in cerrado- ­forest landscapes. Ecological Applications 26:1854–1867.","Coleção Adriano Lúcio Peracchi (ALP), Universidade Federal Rural do Rio de Janeiro, Seropédica, RJ, Brazil"
"bat1069","Muylaert et al ","Article","Muylaert, R. L., R. D. Stevens, and M. C. Ribeiro. 2016. Threshold effect of habitat loss on bat richness in cerrado- ­forest landscapes. Ecological Applications 26:1854–1867.","Coleção Adriano Lúcio Peracchi (ALP), Universidade Federal Rural do Rio de Janeiro, Seropédica, RJ, Brazil"
"bat1070","de Oliveira","Thesis","de Oliveira, C. C. N. 2010. Estudo da comunidade de morcegos em fragmentos remanescentes de floresta Atlantica do litoral sul do estado de Pernambuco. Universidade Federal de Pernambuco.","Coleção de Mamíferos, Universidade Federal de Pernambuco (UFPE), Recife, PE, Brazil"
"bat1071","Nobre at al","Article","Nobre, P. H., A. D. S. Rodrigues, I. D. A. Costa, A. E. D. S. Moreira, and H. H. Moreira. 2009. Similaridade da fauna de Chiroptera (Mammalia), da Serra Negra, municípios de Rio Preto e Santa Bárbara do Monte Verde, Minas Gerais, com outras localidades da Mata Atlântica. Biota Neotropica 9:151–156.","Coleção de Chiroptera, Universidade Federal de Juiz de Fora (UFJF), Juiz de Fora, MG, Brazil"
"bat1072","Nobre at al","Article","Nobre, P. H., A. D. S. Rodrigues, I. D. A. Costa, A. E. D. S. Moreira, and H. H. Moreira. 2009. Similaridade da fauna de Chiroptera (Mammalia), da Serra Negra, municípios de Rio Preto e Santa Bárbara do Monte Verde, Minas Gerais, com outras localidades da Mata Atlântica. Biota Neotropica 9:151–156.","Coleção de Chiroptera, Universidade Federal de Juiz de Fora (UFJF), Juiz de Fora, MG, Brazil"
"bat1073","Nobre at al","Article","Nobre, P. H., A. D. S. Rodrigues, I. D. A. Costa, A. E. D. S. Moreira, and H. H. Moreira. 2009. Similaridade da fauna de Chiroptera (Mammalia), da Serra Negra, municípios de Rio Preto e Santa Bárbara do Monte Verde, Minas Gerais, com outras localidades da Mata Atlântica. Biota Neotropica 9:151–156.","Coleção de Chiroptera, Universidade Federal de Juiz de Fora (UFJF), Juiz de Fora, MG, Brazil"
"bat1074","Oprea at al","Article","Oprea, M., P. Mendes, T. B. Vieira, and A. D. Ditchfield. 2009. Do wooded streets provide connectivity for bats in an urban landscape? Biodiversity and Conservation 18:2361–2371.","Not located"
"bat1075","Ortencio Filho and Reis","Article","Ortêncio-Filho, H., and N. R. Reis. 2009. Species richness and abundance of bats in fragments of the stational semidecidual forest, Upper Paraná River, southern Brazil. Brazilian Journal of Biology 69:727–734.","Laboratorio de Zoologia, Universidade Paranaense (UNIPAR), Cianorte, PR, Brazil"
"bat1076","Ortencio Filho at al","Article","Ortêncio-Filho, H., N. R. dos Reis, D. Pinto, R. Anderson, D. A. Testa, and M. A. Marques. 2005. Levantamento dos morcegos (Chiroptera, Mammalia) do parque municipal do Cinturão Verde de cianorte, Paraná, Brasil. Chiroptera Neotropical 11:211–215.","Laboratorio de Zoologia, Universidade Paranaense (UNIPAR), Cianorte, PR, Brazil"
"bat1077","Passos, Silva, Pedro and Bonin","Article","Passos, F. C., W. R. Silva, W. A. Pedro, and M. R. Bonin. 2003. Frugivoria em morcegos (Mammalia, Chiroptera) no Parque Estadual Intervales, sudeste do Brasil. Revista Brasileira de Zoologia 20:511–517.","Laboratorio de Chiroptera, Departamento de Apoio, Produção e Saúde Animal, Universidade Estadual Paulista (UNESP), Araçatuba, SP, Brazil; Museu de Historia Natural Capão da Imbuia (MHNCI), Curitiba, PR, Brazil, and Coleção de Mamíferos, Departamento de Zoologia, Universidade Federal do Paraná (DZUP), Curitiba, PR, Brazil"
"bat1078","Pedro and Taddei","Article","Pedro, W. A., and V. A. Taddei. 1998. Bats from southwestern Minas Gerais, Brazil (Mammalia: Chiroptera). Chiroptera Neotropical 4:85–88.","Laboratório de Chiroptera, Universidade Estadual Paulista (DZSJRP), São José do Rio Preto, SP, Brazil"
"bat1079","Pedro et al","Article","Pedro, W. A., F. C. Passos, and B. K. Lim. 2001. Morcegos (Chiroptera; Mammalia) da estacao ecologia dos Caetetus, estado de Sao Paulo. Chiroptera Neotropical 7:136–140.","Royal Ontario Museum (ROM), Toronto, Canada. Laboratorio de Chiroptera, Departamento de Apoio, Produção e Saúde Animal, Universidade Estadual Paulista (UNESP), Araçatuba, SP, Brazil"
"bat1080","Pedrozo","Article","Pedrozo, A. R., L. A. C. Gomes, and W. Uieda. 2016. Quiropterofauna da Fazenda Santo Antônio dos Ipês, Jaú , estado de São Paulo, Brasil Material e Métodos Área de estudo. Biotemas 29:97–107.","Departamento de Zoologia, Instituto de Biociências, Universidade Estadual Paulista (UNESP), Botucatu, SP, Brazil"
"bat1081","Peracchi and Albuquerque","Article","Peracchi, A. L., and S. T. Albuquerque. 1993. Quiropteros do municipio de Linhares, estado do Espirito Santo, Brasil (Mammalia, Chiroptera). Revista Brasileira de Biologia 53:575–581.","Coleção Adriano Lúcio Peracchi (ALP), Universidade Federal Rural do Rio de Janeiro, Seropédica, RJ, Brazil"
"bat1082","Rues","Thesis","Reus, C. L. 2009. Aspectos Bio-ecológicos e análise da biodiversidade e composição de quirópteros (Mammalia, Chiroptera) em área de influência da usina hidrelétrica Barra Grande, SC/RS, Brasil. Universidade Federal do Rio Grande do Sul.","Departamento de Zoologia, Universidade Federal do Rio Grande do Sul (UFRGS), RS, Brazil"
"bat1083","Sa Neto","Thesis","de sa Neto, R. J. 2003. Comunidade De Morcegos (Mammalia: Chiroptera) Em Fragmentos De Floresta Floresta Atlântica, Usina Serra Grande – Alagoas. Universidade Federal de Pernambuco.","Coleção de Mamíferos, Universidade Federal da Paraíba (UFPB), João Pessoa, PB, Brazil, and Departamento de Zoologia, Universidade Federal da Bahia (UFBA), Salvador, BA, Brazil"
"bat1084","Scultori da Silva","Thesis","da Silva, H. C. S. S. 2009. Comunidade de morcegos, interacoes com flores e estratificacao vertical em Mata Atlantica do sul do Brasil. Universidade Estadual de Campinas.","Museu de Historia Natural Capão da Imbuia (MHNCI), Curitiba, PR, Brazil "
"bat1085","Sekiama at al","Article","Sekiama, M. L., N. R. dos Reis, A. L. Peracchi, and V. J. Rocha. 2001. Morcegos do Parque Nacional do Iguaçu, Paraná (Chiroptera, Mammalia). Revista Brasileira de Zoologia 18:749–754.","Coleção Adriano Lúcio Peracchi (ALP), Universidade Federal Rural do Rio de Janeiro, Seropédica, RJ, Brazil, and Laboratório de Zooecologia, Universidade Estadual de Londrina (LZUEL), Londrina, PR, Brazil. Iguazu National Park exposition"
"bat1086","Silveira at al","Article","Silveira, M., L. Trevelin, M. Port-Carvalho, S. Godoi, E. N. Mandetta, and A. P. Cruz-Neto. 2011. Frugivory by phyllostomid bats (Mammalia: Chiroptera) in a restored area in Southeast Brazil. Acta Oecologica 37:31–36.","Not located"
"bat1087","Sipinski and Reis","Article","Sipinski, E. A. B., and N. R. dos Reis. 1995. Dados ecológicos dos quirópteros da Reserva Volta Velha, Itapoá, Santa Catarina, Brasil. Revista Brasileira de Zoologia 12:519–528.","Not located"
"bat1088","Barros","Database","Barros Unpublished data","Not located"
"bat1089","Stevens","Database","Database on bat diversity from the Stevens Lab, Texas Tech University","Museum of Texas Tech University, Texas Tech University, Lubbock, TX, EUA"
"bat1090","Stevens","Database","Database on bat diversity from the Stevens Lab, Texas Tech University","Museum of Texas Tech University, Texas Tech University, Lubbock, TX, EUA"
"bat1091","Lopez-Gonzalez","Database","Database on bat diversity from the Stevens Lab, Texas Tech University","Museum of Texas Tech University, Texas Tech University, Lubbock, TX, EUA"
"bat1092","Lopez-Gonzalez","Database","Database on bat diversity from the Stevens Lab, Texas Tech University","Museum of Texas Tech University, Texas Tech University, Lubbock, TX, EUA"
"bat1093","Lopez-Gonzalez","Database","Database on bat diversity from the Stevens Lab, Texas Tech University","Museum of Texas Tech University, Texas Tech University, Lubbock, TX, EUA"
"bat1094","Lopez-Gonzalez","Database","Database on bat diversity from the Stevens Lab, Texas Tech University","Museum of Texas Tech University, Texas Tech University, Lubbock, TX, EUA"
"bat1095","Morais","Thesis","Morais, M. A. C. de. 2013. Redes de neblina e armadilhas luminosas, uma nova proposta ao estudo de Quirópteros. São Paulo State University (UNESP).","Coleção Adriano Lúcio Peracchi (ALP), Universidade Federal Rural do Rio de Janeiro, Seropédica, RJ, Brazil"
"bat1096","Zanon and Reis ","Article","Zanon, C. M. V., and N. R. dos Reis. 2007. Bats (Mammalia, Chirpotera) in the Ponta Grossa region, Campos Gerais, Parana, Brazil. Revista Brasileira de Zoologia 24:327–332.","Museu de Zoologia, Universidade Estadual de Londrina (MZUEL), Londrina, PR, Brazil"
"bat1097","Portfors et al","Article","Portfors, C. V., M. B. Fenton, L. M. D. S. Aguiar, J. E. Baumgarten, M. J. Vonhof, S. Bouchard, D. M. De Faria, W. A. Pedro, N. I. L. Rauntenbach, and M. Zortéa. 2000. Bats from Fazenda Intervales, Southeastern Brazil: species account and comparison between different sampling methods. Revista Brasileira de Zoologia 17:533–538.","Not located"
"bat1098","Aguiar et al","Article","Moura, L., D. S. Aguiar, and J. Marinho-filho. 2004. Activity patterns of nine phyllostomid bat species in a fragment of the Atlantic Forest in southeastern Brazil. Revista Brasileira de Zoologia 21:385–390.","Laboratório de Chiroptera, Universidade Estadual Paulista (DZSJRP), São José do Rio Preto, SP, Brazil"
"bat1099","Aguiar","Article","Aguiar, L. M. S., and J. Marinho-Filho. 2007. Bat frugivory in a remnant of Southeastern Brazilian Atlantic forest. Acta Chiropterologica 9:251–260.","Not located"
"bat1100","Muylaert ","Unpublished data","Muylaert, R. L. 2011. Especialização individual na dieta do morcego frugívoro Sturnira lilium (Mammalia: Chiroptera). Universidade Federal de Sao Carlos UFSCAR.","Not located"
"bat1101","Muylaert ","Unpublished data","Muylaert, R. L. 2011. Especialização individual na dieta do morcego frugívoro Sturnira lilium (Mammalia: Chiroptera). Universidade Federal de Sao Carlos UFSCAR.","Not located"
"bat1102","Rogeri ","Database","Database on bat diversity Evolutionary Ecology Lab, UNESP","Not located"
"bat1103","Rogeri ","Database","Database on bat diversity Evolutionary Ecology Lab, UNESP","Not located"
"bat1104","Rogeri ","Database","Database on bat diversity Evolutionary Ecology Lab, UNESP","Not located"
"bat1105","Rogeri ","Database","Database on bat diversity Evolutionary Ecology Lab, UNESP","Not located"
"bat1106","Rogeri ","Database","Database on bat diversity Evolutionary Ecology Lab, UNESP","Not located"
"bat1107","Rogeri ","Database","Database on bat diversity Evolutionary Ecology Lab, UNESP","Not located"
"bat1108","Weber et al ","Article","Weber, M., A. Forest, M. D. M. Weber, J. L. Steindorff, and D. Arruda. 2011. Resources partitioning in a fruit bat community of the southern Atlantic Forest , Brazil Resources partitioning in a fruit bat community of the; Camilotti, V. L., G. Graciolli, M. M. Weber, J. L. S. Arruda, and N. C. Cáceres. 2010. Bat flies from the deciduous Atlantic Forest in southern Brazil: Host-parasite relationships and parasitism rates. Acta Parasitologica 55:194–200.","Coleção de Zoologia, Universidade Federal de Santa Maria (UFSM), Santa Maria, RS, Brazil"
"bat1109","Bortolotti","Thesis","Bortolotti, V. F. de C. 2015. Riqueza, abundância e dieta de morcegos (CHIROPTERA) em floresta de eucaliptos.","Not located"
"bat1110","Mello","Database","Database on bat diversity from the Ecological Synthesis Lab","Museu Nacional, Universidade Federal do Rio de Janeiro (MN), Rio de Janeiro, RJ, Brazil; Museu de Zoologia, Universidade de São Paulo (MZUSP), São Paulo, SP, Brazil, and Coleção Adriano Lúcio Peracchi (ALP), Universidade Federal Rural do Rio de Janeiro, Seropédica, RJ, Brazil"
"bat1111","Mello","Muylaert et al 2014","Muylaert, R. L., R. C. Teixeira, L. Hortenci, J. R. Estevao, P. K. Rogeri, and M. A. R. Mello. 2014. Bats (Mammalia: Chiroptera) in a cerrado landscape in São Carlos, southeastern Brazil. Check List 10:287–291.","Museu Nacional, Universidade Federal do Rio de Janeiro (MN), Rio de Janeiro, RJ, Brazil; Museu de Zoologia, Universidade de São Paulo (MZUSP), São Paulo, SP, Brazil, and Coleção Adriano Lúcio Peracchi (ALP), Universidade Federal Rural do Rio de Janeiro, Seropédica, RJ, Brazil"
"bat1112","Mello","Database","Database on bat diversity from the Ecological Synthesis Lab","Museu Nacional, Universidade Federal do Rio de Janeiro (MN), Rio de Janeiro, RJ, Brazil; Museu de Zoologia, Universidade de São Paulo (MZUSP), São Paulo, SP, Brazil, and Coleção Adriano Lúcio Peracchi (ALP), Universidade Federal Rural do Rio de Janeiro, Seropédica, RJ, Brazil"
"bat1113","Mello","Database","Database on bat diversity from the Ecological Synthesis Lab","Museu Nacional, Universidade Federal do Rio de Janeiro (MN), Rio de Janeiro, RJ, Brazil; Museu de Zoologia, Universidade de São Paulo (MZUSP), São Paulo, SP, Brazil, and Coleção Adriano Lúcio Peracchi (ALP), Universidade Federal Rural do Rio de Janeiro, Seropédica, RJ, Brazil"
"bat1114","Mello","Database","Database on bat diversity from the Ecological Synthesis Lab","Museu Nacional, Universidade Federal do Rio de Janeiro (MN), Rio de Janeiro, RJ, Brazil; Museu de Zoologia, Universidade de São Paulo (MZUSP), São Paulo, SP, Brazil, and Coleção Adriano Lúcio Peracchi (ALP), Universidade Federal Rural do Rio de Janeiro, Seropédica, RJ, Brazil"
"bat1115","Mello","Database","Database on bat diversity from the Ecological Synthesis Lab","Museu Nacional, Universidade Federal do Rio de Janeiro (MN), Rio de Janeiro, RJ, Brazil; Museu de Zoologia, Universidade de São Paulo (MZUSP), São Paulo, SP, Brazil, and Coleção Adriano Lúcio Peracchi (ALP), Universidade Federal Rural do Rio de Janeiro, Seropédica, RJ, Brazil"
"bat1116","Mello","Database","Database on bat diversity from the Ecological Synthesis Lab","Museu Nacional, Universidade Federal do Rio de Janeiro (MN), Rio de Janeiro, RJ, Brazil; Museu de Zoologia, Universidade de São Paulo (MZUSP), São Paulo, SP, Brazil, and Coleção Adriano Lúcio Peracchi (ALP), Universidade Federal Rural do Rio de Janeiro, Seropédica, RJ, Brazil"
"bat1117","Mello","Database","Database on bat diversity from the Ecological Synthesis Lab","Museu Nacional, Universidade Federal do Rio de Janeiro (MN), Rio de Janeiro, RJ, Brazil; Museu de Zoologia, Universidade de São Paulo (MZUSP), São Paulo, SP, Brazil, and Coleção Adriano Lúcio Peracchi (ALP), Universidade Federal Rural do Rio de Janeiro, Seropédica, RJ, Brazil"
"bat1118","Mello","Database","Database on bat diversity from the Ecological Synthesis Lab","Museu Nacional, Universidade Federal do Rio de Janeiro (MN), Rio de Janeiro, RJ, Brazil; Museu de Zoologia, Universidade de São Paulo (MZUSP), São Paulo, SP, Brazil, and Coleção Adriano Lúcio Peracchi (ALP), Universidade Federal Rural do Rio de Janeiro, Seropédica, RJ, Brazil"
"bat1119","Mello","Database","Database on bat diversity from the Ecological Synthesis Lab","Museu Nacional, Universidade Federal do Rio de Janeiro (MN), Rio de Janeiro, RJ, Brazil; Museu de Zoologia, Universidade de São Paulo (MZUSP), São Paulo, SP, Brazil, and Coleção Adriano Lúcio Peracchi (ALP), Universidade Federal Rural do Rio de Janeiro, Seropédica, RJ, Brazil"
"bat1120","Mello","Database","Database on bat diversity from the Ecological Synthesis Lab","Museu Nacional, Universidade Federal do Rio de Janeiro (MN), Rio de Janeiro, RJ, Brazil; Museu de Zoologia, Universidade de São Paulo (MZUSP), São Paulo, SP, Brazil, and Coleção Adriano Lúcio Peracchi (ALP), Universidade Federal Rural do Rio de Janeiro, Seropédica, RJ, Brazil"
"bat1121","Mello","Database","Database on bat diversity from the Ecological Synthesis Lab","Museu Nacional, Universidade Federal do Rio de Janeiro (MN), Rio de Janeiro, RJ, Brazil; Museu de Zoologia, Universidade de São Paulo (MZUSP), São Paulo, SP, Brazil, and Coleção Adriano Lúcio Peracchi (ALP), Universidade Federal Rural do Rio de Janeiro, Seropédica, RJ, Brazil"
"bat1122","Mello","Database","Database on bat diversity from the Ecological Synthesis Lab","Museu Nacional, Universidade Federal do Rio de Janeiro (MN), Rio de Janeiro, RJ, Brazil; Museu de Zoologia, Universidade de São Paulo (MZUSP), São Paulo, SP, Brazil, and Coleção Adriano Lúcio Peracchi (ALP), Universidade Federal Rural do Rio de Janeiro, Seropédica, RJ, Brazil"
"bat1123","Mello","Database","Database on bat diversity from the Ecological Synthesis Lab","Museu Nacional, Universidade Federal do Rio de Janeiro (MN), Rio de Janeiro, RJ, Brazil; Museu de Zoologia, Universidade de São Paulo (MZUSP), São Paulo, SP, Brazil, and Coleção Adriano Lúcio Peracchi (ALP), Universidade Federal Rural do Rio de Janeiro, Seropédica, RJ, Brazil"
"bat1124","Mello","Database","Database on bat diversity from the Ecological Synthesis Lab","Museu Nacional, Universidade Federal do Rio de Janeiro (MN), Rio de Janeiro, RJ, Brazil; Museu de Zoologia, Universidade de São Paulo (MZUSP), São Paulo, SP, Brazil, and Coleção Adriano Lúcio Peracchi (ALP), Universidade Federal Rural do Rio de Janeiro, Seropédica, RJ, Brazil"
"bat1125","Mello","Database","Database on bat diversity from the Ecological Synthesis Lab","Museu Nacional, Universidade Federal do Rio de Janeiro (MN), Rio de Janeiro, RJ, Brazil; Museu de Zoologia, Universidade de São Paulo (MZUSP), São Paulo, SP, Brazil, and Coleção Adriano Lúcio Peracchi (ALP), Universidade Federal Rural do Rio de Janeiro, Seropédica, RJ, Brazil"
"bat1126","Baptista and Mello and database","Database","Database on bat diversity from the Ecological Synthesis Lab. Mello, M. A. R. 2009. Temporal variation in the organization of a Neotropical assemblage of leaf-nosed bats (Chiroptera: Phyllostomidae). Acta Oecologica 35:280–286. Baptista, M., and M. A. R. Mello. 2001. Preliminary inventory of the bat species of the Poco das Antas Biological Reserve, RJ. Chiroptera Neotropical 7:133–135.","Museu Nacional, Universidade Federal do Rio de Janeiro (MN), Rio de Janeiro, RJ, Brazil; Museu de Zoologia, Universidade de São Paulo (MZUSP), São Paulo, SP, Brazil, and Coleção Adriano Lúcio Peracchi (ALP), Universidade Federal Rural do Rio de Janeiro, Seropédica, RJ, Brazil"
"bat1127","Mello and Schittini and database","Database","Database on bat diversity from the Ecological Synthesis Lab. Mello, M. A. R., and G. M. Schittini. 2007. Ecological analysis of three bat assemblages from conservation units in the lowland Atlantic forest of Rio de Janeiro, Brazil. Chiroptera Neotropical 11:206–210.","Museu Nacional, Universidade Federal do Rio de Janeiro (MN), Rio de Janeiro, RJ, Brazil; Museu de Zoologia, Universidade de São Paulo (MZUSP), São Paulo, SP, Brazil, and Coleção Adriano Lúcio Peracchi (ALP), Universidade Federal Rural do Rio de Janeiro, Seropédica, RJ, Brazil"
"bat1128","Mello and Schittini and database","Database","Database on bat diversity from the Ecological Synthesis Lab. Mello, M. A. R., and G. M. Schittini. 2007. Ecological analysis of three bat assemblages from conservation units in the lowland Atlantic forest of Rio de Janeiro, Brazil. Chiroptera Neotropical 11:206–210.","Museu Nacional, Universidade Federal do Rio de Janeiro (MN), Rio de Janeiro, RJ, Brazil; Museu de Zoologia, Universidade de São Paulo (MZUSP), São Paulo, SP, Brazil, and Coleção Adriano Lúcio Peracchi (ALP), Universidade Federal Rural do Rio de Janeiro, Seropédica, RJ, Brazil"
"bat1129","Muylaert et al ","Article","Muylaert, R. L., R. C. Teixeira, L. Hortenci, J. R. Estevao, P. K. Rogeri, and M. A. R. Mello. 2014. Bats (Mammalia: Chiroptera) in a cerrado landscape in São Carlos, southeastern Brazil. Check List 10:287–291.","Museu Nacional, Universidade Federal do Rio de Janeiro (MN), Rio de Janeiro, RJ, Brazil; Museu de Zoologia, Universidade de São Paulo (MZUSP), São Paulo, SP, Brazil, and Coleção Adriano Lúcio Peracchi (ALP), Universidade Federal Rural do Rio de Janeiro, Seropédica, RJ, Brazil"
"bat1130","Gomes et al ","Article","Gomes, L. A. C., A. C. S. Maas, M. A. Martins, A. R. Pedrozo, R. M. De Araújo, and A. L. Peracchi. 2015. Morcegos em área de restinga de unidade de conservação no estado do Rio de Janeiro, sudeste do Brasil. Neotropical Biology and Conservation 11:31–37.","Not located"
"bat1131","Graipel et al","Article","Graipel, M. E., J. J. Cherem, D. A. Machado, P. C. Garcia, M. E. Menezes, and M. Soldateli. 1997. Vertebrados da Ilha de Ratones Grande, Santa Catarina, Brasil. Biotemas 10:105–122.","Not located"
"bat1132","Cherem and Althoff ","Article","Cherem, J. J., and S. L. Althoff. 2015. Mamíferos de uma área de estepe ombrófila nos estados do Paraná e Santa Catarina, sul do Brasil. Boletim da Sociedade Brasileira de Mastozoologia 73:42–50.","Fundação Universidade Regional de Blumenau (CZFURB), Blumenau, SC, Brazil"
"bat1133","Cherem and Althoff ","Article","Cherem, J. J., and S. L. Althoff. 2015. Mamíferos de uma área de estepe ombrófila nos estados do Paraná e Santa Catarina, sul do Brasil. Boletim da Sociedade Brasileira de Mastozoologia 73:42–50.","Fundação Universidade Regional de Blumenau (CZFURB), Blumenau, SC, Brazil"
"bat1134","Gruener et al ","Article","Gruener, C. G., F. Dallacorte, S. L. Althoff, and L. Sevegnani. 2012. Efeito da fragmentação florestal sobre as comunidades de morcegos (Mammalia, Chiroptera) do município de Blumenau, Santa Catarina, Brasil. Revista de Estudos Ambientais 14:6–19.","Fundação Universidade Regional de Blumenau (CZFURB), Blumenau, SC, Brazil"
"bat1135","Gruener et al ","Article","Gruener, C. G., F. Dallacorte, S. L. Althoff, and L. Sevegnani. 2012. Efeito da fragmentação florestal sobre as comunidades de morcegos (Mammalia, Chiroptera) do município de Blumenau, Santa Catarina, Brasil. Revista de Estudos Ambientais 14:6–19.","Fundação Universidade Regional de Blumenau (CZFURB), Blumenau, SC, Brazil"
"bat1136","Gruener et al ","Article","Gruener, C. G., F. Dallacorte, S. L. Althoff, and L. Sevegnani. 2012. Efeito da fragmentação florestal sobre as comunidades de morcegos (Mammalia, Chiroptera) do município de Blumenau, Santa Catarina, Brasil. Revista de Estudos Ambientais 14:6–19.","Fundação Universidade Regional de Blumenau (CZFURB), Blumenau, SC, Brazil"
"bat1137","Rubio et al ","Article","Rubio, M. B. G., L. H. Varzinczak, I. P. Bernardi, F. C. Passos, and J. M. D. Miranda. 2014. Bats from two sites of the Parana State coastal area , southern Brazil. Chiroptera Neotropical 20:1255–1263.","Coleção de Mamíferos, Departamento de Zoologia, Universidade Federal do Paraná (DZUP), Curitiba, PR, Brazil"
"bat1138","Rubio et al ","Rubio et al 2014","Rubio, M. B. G., L. H. Varzinczak, I. P. Bernardi, F. C. Passos, and J. M. D. Miranda. 2014. Bats from two sites of the Parana State coastal area , southern Brazil. Chiroptera Neotropical 20:1255–1263.","Coleção de Mamíferos, Departamento de Zoologia, Universidade Federal do Paraná (DZUP), Curitiba, PR, Brazil"
"bat1139","Dala-Rosa ","Thesis","Rosa, S. D. 2004. Morcegos (Chiroptera, Mammalia) de um remanescente de restinga, Estado do Paraná, Brasil: ecologia da comunidade e dispersão de sementes MSc:128.","Coleção de Mamíferos, Departamento de Zoologia, Universidade Federal do Paraná (DZUP), Curitiba, PR, Brazil"
"bat1140","Kaku Oliveira ","Thesis","de Oliveira, N. Y. K. 2010. Estrutura de comunidade, reprodução e dinâmica populacional de morcegos (mammalia, chiroptera) na reserva natural do Salto Morato, Guaraqueçaba, Paraná. Dissertação (Mestrado):1–109.","Coleção de Mamíferos, Departamento de Zoologia, Universidade Federal do Paraná (DZUP), Curitiba, PR, Brazil"
"bat1141","Oliveira","Unpublished data","H Oliveira Unpublished data","Not located"
"bat1142","Campanha  and Fowler ","Article","Campanha, R. A. C., and H. G. Fowler. 1993. Roosting Assemblages of Bats in Arenitic Caves in Remnant Fragments of Atlantic Forest in Southeastern Brazil. Biotropica 25:362–365.","Not located"
"bat1143","Arnone  and Passos ","Article","Arnone, I. S., and F. C. Passos. 2007. Estrutura de comunidade da quiropterofauna (Mammalia, Chiroptera) do Parque Estadual de Campinhos, Paraná, Brasil. Revista Brasileira de Zoologia 24:573–581.","Not located"
"bat1144","Carvalho Fabian  Menegheti ","Article","Carvalho, F., M. E. Fabián, and J. O. Menegheti. 2013. Vertical structure of an assemblage of bats (Mammalia: Chiroptera) in a fragment of Atlantic Forest in Southern Brazil. Zoologia 30:491–498.","Not located"
"bat1145","Carvalho Fabian  Menegheti ","Article","Carvalho, F., M. E. Fabián, and J. O. Menegheti. 2013. Vertical structure of an assemblage of bats (Mammalia: Chiroptera) in a fragment of Atlantic Forest in Southern Brazil. Zoologia 30:491–498.","Not located"
"bat1146","Carvalho Fabian  Menegheti ","Article","Carvalho, F., M. E. Fabián, and J. O. Menegheti. 2013. Vertical structure of an assemblage of bats (Mammalia: Chiroptera) in a fragment of Atlantic Forest in Southern Brazil. Zoologia 30:491–498.","Not located"
"bat1147","Souza et al ","Article","de França Souza, R., R. L. Morim Novaes, A. C. Siqueira, C. Sauwen, G. Jacob, C. E. Lopes Santos, S. Felix, E. Ribeiro, C. Sant’Anna, D. Vrcibradic, L. Dos Santos Avilla, I. Sbragia, and R. T. Santori. 2015. Morcegos (Mammalia, Chiroptera) em remanescente de Floresta Atlantica, Rio de Janeiro, sudeste do Brasil. Neotropical Biology and Conservation 10:9–14.","Not located"
"bat1148","Soares et al ","Article","Angelo, F., M. Soares, C. Eduardo, B. Pinto, M. Regina, and D. M. Daher. 2017. Bats (Mammalia: Chiroptera) from a remnant of Atlantic Forest in Pernambuco , northeastern Brazil. Revista Brasileira de Zoociencias 18:53–66.","Not located"
"bat1149","Martins et al ","Article","Martins, M. A., W. D. De Carvalho, D. Dias, D. D. S. França, M. B. De Oliveira, and A. L. Peracchi. 2015. Bat Species Richness (Mammalia, Chiroptera) Along an Elevational Gradient in the Atlantic Forest of Southeastern Brazil. Acta Chiropterologica 17:401–409.","Not located"
"bat1150","Martins et al ","Article","Martins, M. A., W. D. De Carvalho, D. Dias, D. D. S. França, M. B. De Oliveira, and A. L. Peracchi. 2015. Bat Species Richness (Mammalia, Chiroptera) Along an Elevational Gradient in the Atlantic Forest of Southeastern Brazil. Acta Chiropterologica 17:401–409.","Not located"
"bat1151","Martins et al ","Article","Martins, M. A., W. D. De Carvalho, D. Dias, D. D. S. França, M. B. De Oliveira, and A. L. Peracchi. 2015. Bat Species Richness (Mammalia, Chiroptera) Along an Elevational Gradient in the Atlantic Forest of Southeastern Brazil. Acta Chiropterologica 17:401–409.","Not located"
"bat1152","Martins et al ","Article","Martins, M. A., W. D. De Carvalho, D. Dias, D. D. S. França, M. B. De Oliveira, and A. L. Peracchi. 2015. Bat Species Richness (Mammalia, Chiroptera) Along an Elevational Gradient in the Atlantic Forest of Southeastern Brazil. Acta Chiropterologica 17:401–409.","Not located"
"bat1153","Muylaert et al ","Article","Muylaert, R. L., R. C. Teixeira, L. Hortenci, J. R. Estevao, P. K. Rogeri, and M. A. R. Mello. 2014. Bats (Mammalia: Chiroptera) in a cerrado landscape in São Carlos, southeastern Brazil. Check List 10:287–291.","Not located"
"bat1154","Cirignoli et al","Article","Cirignoli, S., C. a Galliari, U. F. J. Pardiñas, and D. H. Podestá. 2011. Mamíferos De La Reserva Valle Del Cuña Pirú, Misiones, Argentina. Mastozoología Neotropical 18:25–43.","Not located"
"bat1155","Milano","Thesis","Milano, A. M. F. 2016. Helmintofauna De Murciélagos (Chiroptera) Del Nordeste Argentino. Universidade Nacional de La Plata.","Not located"
"bat1156","Sanchez","Article","Sánchez, M. S., N. P. Giannini, and R. M. Barquez. 2012. Bat frugivory in two subtropical rain forests of Northern Argentina: Testing hypotheses of fruit selection in the Neotropics. Mammalian Biology 77:22–31.","Not located"
"bat1157","Gorresen","Article","Gorresen, M., and M. R. Willig. 2004. Landscape responses of bats to habitat fragmentation in atlantic forest of Paraguay. Journal of Mammalogy 85:668–697.","Not located"
"bat1158","Jacomassa ","Thesis","Jacomassa, F. A. F. 2015. Reprodutiva De Morcegos Em Áreas. São Paulo State University UNESP.","Museu de Zoologia, Universidade Estadual de Campinas (ZUEC_MAM), Campinas, SP, Brazil"
"bat1159","Jacomassa ","Thesis","Jacomassa, F. A. F. 2015. Reprodutiva De Morcegos Em Áreas. São Paulo State University UNESP.","Museu de Zoologia, Universidade Estadual de Campinas (ZUEC_MAM), Campinas, SP, Brazil"
"bat1160","Jacomassa ","Thesis","Jacomassa, F. A. F. 2015. Reprodutiva De Morcegos Em Áreas. São Paulo State University UNESP.","Museu de Zoologia, Universidade Estadual de Campinas (ZUEC_MAM), Campinas, SP, Brazil"
"bat1161","Jacomassa ","Thesis","Jacomassa, F. A. F. 2015. Reprodutiva De Morcegos Em Áreas. São Paulo State University UNESP.","Museu de Zoologia, Universidade Estadual de Campinas (ZUEC_MAM), Campinas, SP, Brazil"
"bat1162","Jacomassa ","Thesis","Jacomassa, F. A. F. 2015. Reprodutiva De Morcegos Em Áreas. São Paulo State University UNESP.","Museu de Zoologia, Universidade Estadual de Campinas (ZUEC_MAM), Campinas, SP, Brazil"
"bat1163","LADIM","Database","Database on bat diversity from the Bat Diversity Laboratory LADIM . Esbérard, C. E. L. 2009. Capture sequence and relative abundance of bats during surveys. Zoologia (Curitiba, Impresso) 26:103–108.","Coleção Projeto Morcegos Urbanos, RIOZOO, (PMU), Rio de Janeiro, RJ, Brazil, and Coleção Adriano Lúcio Peracchi (ALP), Universidade Federal Rural do Rio de Janeiro, Seropédica, RJ, Brazil"
"bat1164","LADIM","Database","Luz, J. L., L. D. M. Costa, and C. E. L. Esbérard. 2015. Variação de recursos alimentares e abundância de morcegos em plantações de banana. Oecologia Australis 19:244–260.","Coleção Projeto Morcegos Urbanos, RIOZOO, (PMU), Rio de Janeiro, RJ, Brazil, and Coleção Adriano Lúcio Peracchi (ALP), Universidade Federal Rural do Rio de Janeiro, Seropédica, RJ, Brazil"
"bat1165","LADIM","Database","Luz, J. L., L. D. M. Costa, and C. E. L. Esbérard. 2015. Variação de recursos alimentares e abundância de morcegos em plantações de banana. Oecologia Australis 19:244–260.","Coleção Projeto Morcegos Urbanos, RIOZOO, (PMU), Rio de Janeiro, RJ, Brazil, and Coleção Adriano Lúcio Peracchi (ALP), Universidade Federal Rural do Rio de Janeiro, Seropédica, RJ, Brazil"
"bat1166","Esberard","Article","Esbérard, C. E. L. 2007. Influência do ciclo lunar na captura de morcegos Phyllostomidae. Iheringia. Série Zoologia 97:81–85.","Coleção Projeto Morcegos Urbanos, RIOZOO, (PMU), Rio de Janeiro, RJ, Brazil, and Coleção Adriano Lúcio Peracchi (ALP), Universidade Federal Rural do Rio de Janeiro, Seropédica, RJ, Brazil"
"bat1167","LADIM","Database","Database on bat diversity from the Bat Diversity Laboratory LADIM  ","Coleção Adriano Lúcio Peracchi (ALP), Universidade Federal Rural do Rio de Janeiro, Seropédica, RJ, Brazil"
"bat1168","Esberard","Database","Database on bat diversity from the Bat Diversity Laboratory LADIM . Esbérard, C. E. L. 2009. Capture sequence and relative abundance of bats during surveys. Zoologia (Curitiba, Impresso) 26:103–108.","Coleção Projeto Morcegos Urbanos, RIOZOO, (PMU), Rio de Janeiro, RJ, Brazil"
"bat1169","LADIM","Database","Database on bat diversity from the Bat Diversity Laboratory LADIM  ","Coleção Adriano Lúcio Peracchi (ALP), Universidade Federal Rural do Rio de Janeiro, Seropédica, RJ, Brazil"
"bat1170","LADIM","Database","Database on bat diversity from the Bat Diversity Laboratory LADIM  ","Coleção Adriano Lúcio Peracchi (ALP), Universidade Federal Rural do Rio de Janeiro, Seropédica, RJ, Brazil"
"bat1171","Esberard at al","Database","Database on bat diversity from the Bat Diversity Laboratory LADIM , Esbérard, C. E. L., T. Jordão-Nogueira, J. L. Luz, G. G. D. S. Melo, R. Mangolin, N. Jucá, D. S. L. Raíces, C. Enrici, and H. D. G. Bergallo. 2006. Morcegos da ilha Grande, Angra dos Reis, RJ, Sudeste do Brasil. Revista Brasileira de Zoociências 8:147–153.","Not located"
"bat1172","Esberard","Esberard","Esbérard, C. E. L. 2003. Diversidade de morcegos em área de Mata Atlântica regenerada no sudeste do Brasil. Rev. Bras. Zoociencias 5:189–204.","Coleção Projeto Morcegos Urbanos, RIOZOO, (PMU), Rio de Janeiro, RJ, Brazil"
"bat1173","LADIM","Database","Esbérard, C. E. L., M. Baptista, L. D. M. Costa, J. L. Luz, and E. C. Lourenço. 2010. Morcegos de Paraíso do Tobias, Miracema, Rio de Janeiro. Biota Neotropica 10:0–0.","Coleção Adriano Lúcio Peracchi (ALP), Universidade Federal Rural do Rio de Janeiro, Seropédica, RJ, Brazil"
"bat1174","LADIM","Database","Database on bat diversity from the Bat Diversity Laboratory LADIM  ","Coleção Adriano Lúcio Peracchi (ALP), Universidade Federal Rural do Rio de Janeiro, Seropédica, RJ, Brazil"
"bat1175","LADIM","Database","Database on bat diversity from the Bat Diversity Laboratory LADIM  ","Coleção Adriano Lúcio Peracchi (ALP), Universidade Federal Rural do Rio de Janeiro, Seropédica, RJ, Brazil"
"bat1176","LADIM","Database","Database on bat diversity from the Bat Diversity Laboratory LADIM  ","Coleção Adriano Lúcio Peracchi (ALP), Universidade Federal Rural do Rio de Janeiro, Seropédica, RJ, Brazil"
"bat1177","Esberard","Article","Esbérard, C. E. L. 2003. Diversidade de morcegos em área de Mata Atlântica regenerada no sudeste do Brasil. Rev. Bras. Zoociencias 5:189–204.","Coleção Projeto Morcegos Urbanos, RIOZOO, (PMU), Rio de Janeiro, RJ, Brazil"
"bat1178","LADIM","Database","Database on bat diversity from the Bat Diversity Laboratory LADIM  ","Coleção Adriano Lúcio Peracchi (ALP), Universidade Federal Rural do Rio de Janeiro, Seropédica, RJ, Brazil"
"bat1179","LADIM","Database","Database on bat diversity from the Bat Diversity Laboratory LADIM  ","Coleção Adriano Lúcio Peracchi (ALP), Universidade Federal Rural do Rio de Janeiro, Seropédica, RJ, Brazil"
"bat1180","Esberard and Bergallo","Article","Esbérard, C. E. L., and H. G. Bergallo. 2005. Coletar morcegos por seis ou doze horas a cada noite? Revista Brasileira de Zoologia 22:1095–1098.","Not located"
"bat1181","LADIM","Database","Database on bat diversity from the Bat Diversity Laboratory LADIM  ","Coleção Adriano Lúcio Peracchi (ALP), Universidade Federal Rural do Rio de Janeiro, Seropédica, RJ, Brazil"
"bat1182","Esberard","Database","Database on bat diversity from the Bat Diversity Laboratory LADIM , Esbérard, C. E. L. 2003. Diversidade de morcegos em área de Mata Atlântica regenerada no sudeste do Brasil. Rev. Bras. Zoociencias 5:189–204.","Coleção Projeto Morcegos Urbanos, RIOZOO, (PMU), Rio de Janeiro, RJ, Brazil"
"bat1183","LADIM","Database","Database on bat diversity from the Bat Diversity Laboratory LADIM  ","Coleção Adriano Lúcio Peracchi (ALP), Universidade Federal Rural do Rio de Janeiro, Seropédica, RJ, Brazil"
"bat1184","Esberard","Article","Esbérard, C. E. L. 2003. Diversidade de morcegos em área de Mata Atlântica regenerada no sudeste do Brasil. Rev. Bras. Zoociencias 5:189–204.","Coleção Projeto Morcegos Urbanos, RIOZOO, (PMU), Rio de Janeiro, RJ, Brazil"
"bat1185","Linz Luz","Article","Lins Luz, J., L. Moraes, E. Captivo, L. A. Costa, and C. E. L. Esbérard. 2009. Bats from the Restinga of Praia das Neves, state of Espírito Santo, Southeastern Brazil. Check List 5:364–369.","Laboratorio de Diversidade de Morcegos (LDM) and Coleção Adriano Lúcio Peracchi (ALP), Universidade Federal Rural do Rio de Janeiro, Seropédica, RJ, Brazil"
"bat1186","LADIM","Database","Godoy, M. de S. de M. 2013. Biologia reprodutiva de Sturnira lilium (E. Geoffroy, 1810) (Chiroptera, Phyllostomidae) na Floresta Atlântica do estado do Rio de Janeiro, Brasil:46.","Coleção Adriano Lúcio Peracchi (ALP), Universidade Federal Rural do Rio de Janeiro, Seropédica, RJ, Brazil"
"bat1187","LADIM","Database","Godoy, M. de S. de M. 2013. Biologia reprodutiva de Sturnira lilium (E. Geoffroy, 1810) (Chiroptera, Phyllostomidae) na Floresta Atlântica do estado do Rio de Janeiro, Brasil:46. Bergallo, H. G., C. E. L. Esbérard, M. A. R. Mello, V. Lins, R. Mangolin, G. G. S. Melo, and M. Baptista. 2003. Bat species richness in Atlantic Forest: What is the minimum sampling effort? Biotropica 35:278–288.","Coleção Adriano Lúcio Peracchi (ALP), Universidade Federal Rural do Rio de Janeiro, Seropédica, RJ, Brazil"
"bat1188","LADIM","Database","Database on bat diversity from the Bat Diversity Laboratory LADIM  ","Coleção Adriano Lúcio Peracchi (ALP), Universidade Federal Rural do Rio de Janeiro, Seropédica, RJ, Brazil"
"bat1189","LADIM","Database","Database on bat diversity from the Bat Diversity Laboratory LADIM  ","Coleção Adriano Lúcio Peracchi (ALP), Universidade Federal Rural do Rio de Janeiro, Seropédica, RJ, Brazil"
"bat1190","Esberard","Article","Esbérard, C. E. L. 2009. Capture sequence and relative abundance of bats during surveys. Zoologia 26:103–108.","Coleção Projeto Morcegos Urbanos, RIOZOO, (PMU), Rio de Janeiro, RJ, Brazil, and Coleção Adriano Lúcio Peracchi (ALP), Universidade Federal Rural do Rio de Janeiro, Seropédica, RJ, Brazil"
"bat1191","Esberard","Article","Esbérard, C. E. L. 2003. Diversidade de morcegos em área de Mata Atlântica regenerada no sudeste do Brasil. Rev. Bras. Zoociencias 5:189–204.","Coleção Adriano Lúcio Peracchi (ALP), Universidade Federal Rural do Rio de Janeiro, Seropédica, RJ, Brazil"
"bat1192","Tahara","Thesis","Tahara, A. S. 2009. Quirópteros No Gradiente Cerrado- Mata Atlântica No Sul De Minas Gerais?: Diversidade E Padrões De Distribuição. Universidade Federal de Lavras.","Coleção de Mamíferos, Universidade Federal de Lavras (CMUFLA), Lavras, MG, Brazil"
"bat1193","Bertola","Article","Bertola, P. B., C. C. Aires, S. E. Favorito, G. Graciolli, M. Amaku, and R. Pinto-Da-Rocha. 2005. Bat flies (Diptera: Streblidae, Nycteribiidae) parasitic on bats (Mammalia: Chiroptera) at Parque Estadual da Cantareira, São Paulo, Brazil: Parasitism rates and host-parasite associations. Memorias do Instituto Oswaldo Cruz 100:25–32.","Not located"
"bat1194","Brito","Article","Brito, D. de V., and A. Bocchiglieri. 2012. Comunidade de morcegos (Mammalia, Chiroptera) no Refúgio de Vida Silvestre Mata do Junco, Sergipe, nordeste do Brasil. Biota Neotropica 12:254–262.","Coleção de Mamíferos (CMUFS), Universidade Federal de Sergipe (UFSE), Aracaju, SE, Brazil"
"bat1195","Geraldes","Thesis","Geraldes, M. . 1999. Estudo de uma taxocenose de morcegos na regiao do Ariri, Cananeia, SP. USP University of Sao Paulo.","Laboratório de Chiroptera, Universidade Estadual Paulista (DZSJRP), São José do Rio Preto, SP, Brazil, and Museu de Zoologia, Universidade de São Paulo (MZUSP), São Paulo, SP, Brazil"
"bat1196","Geraldes","Thesis","Geraldes, M. . 1999. Estudo de uma taxocenose de morcegos na regiao do Ariri, Cananeia, SP. USP University of Sao Paulo.","Laboratório de Chiroptera, Universidade Estadual Paulista (DZSJRP), São José do Rio Preto, SP, Brazil, and Museu de Zoologia, Universidade de São Paulo (MZUSP), São Paulo, SP, Brazil"
"bat1197","Mikalauskas","Thesis","Mikalauskas, J. S. 2007. Diversidade, dieta e reprodução de morcegos (Mammalia, Chiroptera) da Serra de Itabaina, Sergipe. Universidade Federal Rural do Rio de Janeiro.","Coleção Adriano Lúcio Peracchi (ALP), Universidade Federal Rural do Rio de Janeiro, Seropédica, RJ, Brazil"
"bat1198","Nascimento","Article","do Nascimento, M. C., R. Stumpp, and G. Lessa. 2013. Bats (Mammalia: Chiroptera) of Mata do Paraiso research station, Vicosa, Minas Gerais, Brazil. Check List 9:1406–1409.","Museu de Zoologia João Moojen, Universidade Federal de Viçosa (UFV), Viçosa, MG, Brazil"
"bat1199","Nunes","Thesis","Nunes. 2013. Estratificação vertical da comunidade de morcegos em uma área de Mata Atlântica no nordeste do Brasil. Universidade Federal da Paraiba.","Coleção de Mamíferos, Universidade Federal da Paraíba (UFPB), João Pessoa, PB, Brazil"
"bat1200","Ortencio-Filho","Article","Ortêncio-Filho, H., T. E. Lacher, and L. C. Rodrigues. 2014. Seasonal patterns in community composition of bats in forest fragments of the Alto Rio Paraná, southern Brazil. Studies on Neotropical Fauna and Environment 49:169–179.","Laboratório de Ecologia de Mamíferos, Universidade Estadual de Maringá (UEM), Maringá, PR, Brazil"
"bat1201","Pereira","Thesis","Pereira, L. de A. 2016. Uso do Espaço por morcegos em Floresta Ombrófila Mista no Sul do Brasil. Universidade Federal do Paraná.","Coleção de Mamíferos, Departamento de Zoologia, Universidade Federal do Paraná (DZUP), Curitiba, PR, Brazil"
"bat1202","Pereira","Thesis","Pereira, L. de A. 2016. Uso do Espaço por morcegos em Floresta Ombrófila Mista no Sul do Brasil. Universidade Federal do Paraná.","Coleção de Mamíferos, Departamento de Zoologia, Universidade Federal do Paraná (DZUP), Curitiba, PR, Brazil"
"bat1203","Pires","Article","Pires, D. P. de S., and M. E. Fabián. 2013. Diversidade, riqueza e estratificação vertical de espécies de morcegos em um remanescente de Mata Atlântica no Sul do Brasil. Biotemas 26:121–131.","Not located"
"bat1204","da Silva","Article","da Silva, L. A. M., and A. M. I. de Farias. 2004. Quiropterofauna (Mammalia: Chiroptera) da estacao ecologica de Caetes, Paulista, Pernambuco. Revista Nordestina de Biologia 18:55–61.","Coleção de Mamíferos, Universidade Federal de Pernambuco (UFPE), Recife, PE, Brazil"
"bat2105","Pimenta","Thesis","Pimenta, V. T. 2013. Segregação de recursos por diferentes espécies de morcegos (Mammalia: Chiroptera na Reserva Biológica de Sooretama. Universidade Federal do Espírito Santo.","Museu de Biologia Professor Mello Leitão (MBML), Santa Teresa, ES, Brazil"
