ID ,Reference_number,Country,State,Municipality,Study_location,Latitude,Longitude,Precision,Size,Altitude,Annual_rainfall,Vegetation type,Protect_area,Matrix
sm01,1,Brazil,SP,Cananéia,Parque Estadual Ilha do Cardoso Cananéia,-25.06930556,-47.92003056,Precise,15100,60,2000,Ombrophilous forest,Yes,Forest
sm02,2,Brazil,SP,São Luiz do Paraitinga,Itamambuca Serra do Mar,-23.31666667,-45.08333333,Precise,200000,1100,1296,Ombrophilous forest,Yes,Forest
sm03,2,Brazil,SP,São Luiz do Paraitinga,Vargem Grande Serra do Mar,-23.43333333,-45.23333333,Precise,200000,1100,1296,Ombrophilous forest,Yes,Forest
sm04,2,Brazil,SP,São Miguel Arcanjo,São Miguel Arcanjo Serra do Mar,-24.21666667,-48.1,Not-Precise,200000,1100,1395,Ombrophilous forest,Yes,Forest
sm05,3,Brazil,ES,Santa Teresa,Estação Biológica de Santa Lúcia Santa Teresa,-19.95,-40.53333333,Not-Precise,440,950,1868,Ombrophilous forest,Yes,Eucalyptus and coffee plantations and pasturelands
sm05,18,Brazil,ES,Santa Teresa,Estação Biológica de Santa Lúcia Santa Teresa,-19.95,-40.53333333,Not-Precise,440,950,1868,Ombrophilous forest,Yes,Eucalyptus and coffee plantations and pasturelands
sm05,103,Brazil,ES,Santa Teresa,Estação Biológica de Santa Lúcia Santa Teresa,-19.95,-40.53333333,Not-Precise,440,950,1868,Ombrophilous forest,Yes,Eucalyptus and coffee plantations and pasturelands
sm06,4,Brazil,SP,Eldorado,Saibadela Parque Estadual Intervales,-24.23333333,-48.06666667,Precise,49000,350,4200,Ombrophilous forest,Yes,Forest
sm06,29,Brazil,SP,Eldorado,Saibadela Parque Estadual Intervales,-24.23444444,-48.08638889,Precise,49000,350,4200,Ombrophilous forest,Yes,Forest
sm07,4,Brazil,SP,Eldorado,Barra Grande Parque Estadual Intervales,-24.29416667,-48.32805556,Precise,49000,900,1600,Ombrophilous forest,Yes,Forest
sm07,29,Brazil,SP,Eldorado,Barra Grande Parque Estadual Intervales,-24.29416667,-48.32805556,Precise,49000,900,1600,Ombrophilous forest,Yes,Forest
sm08,5,Brazil,SP,Peruibe,Estação Ecológica Juréia,-24.53333333,-47.25,Not-Precise,80000,800,3500,Ombrophilous forest,Yes,Forest
sm08,89,Brazil,SP,Peruibe,Estação Ecológica Juréia,-24.38773611,-47.02706389,Precise,79830,1000,3500,Ombrophilous forest,Yes,Forest
sm09,6,Brazil,ES,Linhares,Reserva Florestal da Companhia Vale do Rio Doce Linhares,-19.15,-40.06666667,Not-Precise,21787,NA,1305,Ombrophilous forest,Yes,Pastures Eucalyptus and coffee plantations and orchards
sm10,7,Brazil,SP,Teodoro Sampaio,Mina Parque Estadual do Morro do Diabo Teodoro Sampaio Pontal do Paranapanema,-22.52403056,-52.28339444,Precise,35800,599,1400,Semideciduous forest,Yes,Forest
sm11,7,Brazil,SP,Teodoro Sampaio,Minerva Parque Estadual do Morro do Diabo Teodoro Sampaio Pontal do Paranapanema,-22.39529444,-52.36586389,Precise,35800,599,1400,Semideciduous forest,Yes,Forest
sm12,7,Brazil,SP,Teodoro Sampaio,Argelim Parque Estadual do Morro do Diabo Teodoro Sampaio Pontal do Paranapanema,-22.61683333,-52.34717778,Precise,35800,599,1400,Semideciduous forest,Yes,Forest
sm13,7,Brazil,SP,Teodoro Sampáio,Fragmento Tucano Estação Ecológica do Mico-Leão-Preto Pontal do Paranapanema,-22.48669722,-52.468225,Precise,1850,599,1400,Semideciduous forest,Yes,Pastures
sm14,7,Brazil,SP,Teodoro Sampáio,Fragmento Santa Maria Pontal do Paranapanema,-22.239125,-52.30771944,Precise,495,599,1400,Semideciduous forest,No,Pastures and monocultures
sm15,7,Brazil,SP,Teodoro Sampáio,Fragmento Santa Teresa Pontal do Paranapanema,-22.36614722,-52.33896111,Precise,80,599,1400,Semideciduous forest,No,Pastures
sm16,7,Brazil,SP,Teodoro Sampáio,Fragmento São Sebastião Pontal do Paranapanema,-22.36169722,-52.25984722,Precise,30,599,1400,Semideciduous forest,No,Pastures
sm17,7,Brazil,SP,Teodoro Sampáio,Fragmento Santa Mônica Pontal do Paranapanema,-22.15003056,-52.26354444,Precise,470,599,1400,Semideciduous forest,No,Pastures
sm18,7,Brazil,SP,Teodoro Sampáio,Fragmento Ponte Branca Estação Ecológica do Mico-Leão-Preto Pontal do Paranapanema,-22.41710278,-52.51133611,Precise,1280,599,1400,Semideciduous forest,Yes,Sugarcane plantations
sm19,8,Brazil,RS,Santa Maria,Morro do Elefante Santa Maria,-29.66666667,-53.71666667,Precise,400,460,1520,Deciduous forest,No,Pasture and agricultural vegetations
sm19,46,Brazil,RS,Santa Maria,Morro do Elefante Santa Maria,-29.66666667,-53.71666667,Precise,400,110,1520,Deciduous forest,No,Pasture and agricultural vegetations
sm20,9,Brazil,MG,Timóteo,Parque Estadual do Rio Doce,-19.727541,-42.531286,Precise,36000,NA,1480,Semideciduous forest,Yes,herbaceous plants bamboos and graminoids 
sm21,10,Brazil,MG,Timóteo,Parque Estadual do Rio Doce (mata nativa),-19.67103,-42.591094,Precise,36000,515,1480,Semideciduous forest,Yes,herbaceous plants bamboos and graminoids 
sm22,10,Brazil,MG,Timóteo,Parque Estadual do Rio Doce (campo sujo),-19.72845,-42.616612,Precise,36000,515,1480,Semideciduous forest,Yes,herbaceous plants bamboos and graminoids 
sm23,10,Brazil,MG,Timóteo,Parque Estadual do Rio Doce (área de eucalipto com sub bosque nativo),-19.622279,-42.469442,Precise,36000,515,1480,Semideciduous forest,Yes,herbaceous plants bamboos and graminoids 
sm24,11,Brazil,RS,Derrubadas,Parque Estadual do Turvo Derrubadas,-27.21083056,-53.89676944,Precise,17491,NA,NA,Deciduous forest,Yes,River and small agricultures
sm25,12,Brazil,MS,Bonito,Parque Nacional Serra da Bodoquena,-20.83353889,-56.62106667,Precise,73000,700,1500,Deciduous forest,Yes,Pastures
sm26,13,Brazil,MG/ES,Alto Caparaó,Parque Nacional do Caparaó,-20.44355833,-41.78686389,Precise,31800,2700,1250,Semideciduous forest,Yes,Pastures and caffe
sm27,13,Brazil,SP,Pedreira,Pedreira,-22.71666667,-46.91666667,Precise,100,400,1352,Semideciduous forest,No,Planted Pastures and Eucalyptus
sm28,14,Brazil,MG,Araponga,Parque Estadual Serra do Brigadeiro,-20.71811111,-42.48026944,Precise,13210,1890,1500,Semideciduous forest,Yes,Pastures Caffe and Sugar cane
sm29,15,Brazil,SP,Caucaia do Alto,Reserva Florestal do Morro Grande Caucaia do Alto,-23.76944,-46.98306,Precise,9400,1100,1350,Ombrophilous forest,Yes,Forest
sm30,16,Brazil,SP,Caucaia do Alto,Reserva Florestal do Morro Grande (mata secundária A) Caucaia do Alto,-23.754534,-46.997475,Precise,9400,1100,1350,Ombrophilous forest,Yes,Forest
sm31,16,Brazil,SP,Caucaia do Alto,Reserva Florestal do Morro Grande (mata secundária B) Caucaia do Alto,-23.675093,-46.958716,Precise,9400,1100,1350,Ombrophilous forest,Yes,Forest
sm32,16,Brazil,SP,Caucaia do Alto,Reserva Florestal do Morro Grande (mata secundária C) Caucaia do Alto,-23.696822,-46.957689,Precise,9400,1100,1350,Ombrophilous forest,Yes,Forest
sm33,16,Brazil,SP,Caucaia do Alto,Reserva Florestal do Morro Grande (mata madura Grilos) Caucaia do Alto,-23.726054,-46.94513,Precise,9400,1100,1350,Ombrophilous forest,Yes,Forest
sm34,16,Brazil,SP,Caucaia do Alto,Reserva Florestal do Morro Grande (mata madura Quilombo) Caucaia do Alto,-23.724651,-46.947166,Precise,9400,1100,1350,Ombrophilous forest,Yes,Forest
sm35,16,Brazil,SP,Caucaia do Alto,Reserva Florestal do Morro Grande (mata madura Torres) Caucaia do Alto,-23.674094,-46.958823,Precise,9400,1100,1350,Ombrophilous forest,Yes,Forest
sm36,17,Brazil,SP,Campinas,Mata Ribeirão Cachoeira Campinas,-22.83088056,-46.92725,Precise,230,756,1409,Semideciduous forest,No,Pastures and Eucalyptus spp forestry
sm37,18,Brazil,ES,Cariacica,Reserva Biológica Duas Bocas Cariacica,-20.26666667,-40.46666667,Precise,2190,780,1500,Ombrophilous forest,Yes,Agriculture and pasture
sm38,19,Brazil,SP,Itamambuca,Parque Estadual Serra do Mar (Núcleo Picinguaba) Itamambuca,-23.32199167,-45.08780556,Precise,47500,1340,2600,Ombrophilous forest,Yes,Forest
sm39,19,Brazil,SP,Vargem Grande,Parque Estadual Serra do Mar (Núcleo Santa Virgínia) Vargem Grande,-23.449975,-45.23601667,Precise,17500,880,1620,Ombrophilous forest,Yes,Forest
sm40,20,Brazil,BA,Una,Reserva Biológica de Una,-15.16666667,-39.05,Not-Precise,7022,150,1830,Ombrophilous forest,Yes,Pastures shaded cocoa plantations rubber tree plantations
sm40,112,Brazil,BA,Una,Reserva Biológica de Una,-15.16666667,-39.05,Not-Precise,7022,NA,1550,Ombrophilous forest,Yes,Forest
sm41,22,Brazil,ES,Santa Teresa,Santa Teresa (interior do fragmento florestal),-19.970871,-40.594827,Precise,7.6,NA,NA,Ombrophilous forest,No,Coffee plantation
sm42,22,Brazil,ES,Santa Teresa,Santa Teresa (arredores de plantação de café),-19.960265,-40.579858,Precise,10,NA,NA,Ombrophilous forest,No,Coffee plantation
sm43,23,Brazil,SP,Caucaia do Alto,Reserva Florestal do Morro Grande (floresta contínua) Caucaia do Alto Cotia,-23.68899167,-46.96416944,Precise,9400,1100,1350,Ombrophilous forest,Yes,Agriculture urban or rural areas
sm44,23,Brazil,SP,Caucaia do Alto,Reserva Florestal do Morro Grande (floresta fragmentada) Caucaia do Alto Cotia,-23.73958333,-47.0743,Precise,370,1100,1350,Ombrophilous forest,Yes,Agriculture urban or rural areas
sm45,23,Brazil,SP,Caucaia do Alto,Reserva Florestal do Morro Grande (vegetação nativa em início de regeneração) Caucaia do Alto Cotia,-23.75428611,-47.10739444,Precise,85,1100,1350,Ombrophilous forest,Yes,Agriculture urban or rural areas
sm46,23,Brazil,SP,Caucaia do Alto,Reserva Florestal do Morro Grande (plantação de Eucalipto) Caucaia do Alto Cotia,-23.72159444,-47.06083056,Precise,11,1100,1350,Ombrophilous forest,Yes,Agriculture urban or rural areas
sm47,23,Brazil,SP,Caucaia do Alto,Reserva Florestal do Morro Grande (área de agricultura) Caucaia do Alto Cotia,-23.72611944,-47.05770278,Precise,2,1100,1350,Ombrophilous forest,Yes,Agriculture urban or rural areas
sm48,23,Brazil,SP,Caucaia do Alto,Reserva Florestal do Morro Grande (área rural com construções) Caucaia do Alto Cotia,-23.74346111,-47.10865,Precise,12,1100,1350,Ombrophilous forest,Yes,Agriculture urban or rural areas
sm49,25,Brazil,RJ,Silva Jardim,Ilha dos Barbados (fragmento A) Reserva Biológica Poço das Antas,-22.58727222,-42.24840556,Precise,7,NA,2121,Ombrophilous forest,Yes,Grassland (introduced)
sm50,25,Brazil,RJ,Silva Jardim,Ilha dos Barbados (fragmento B) Reserva Biológica Poço das Antas,-22.58262778,-42.24786667,Precise,1.3,NA,2121,Ombrophilous forest,Yes,Grassland (introduced)
sm51,25,Brazil,RJ,Silva Jardim,Ilha dos Barbados (fragmento C) Reserva Biológica Poço das Antas,-22.57912778,-42.24458889,Precise,10.4,NA,2121,Ombrophilous forest,Yes,Grassland (introduced)
sm52,25,Brazil,RJ,Silva Jardim,Ilha dos Barbados (fragmento D) Reserva Biológica Poço das Antas,-22.58306667,-42.24388611,Precise,8.8,NA,2121,Ombrophilous forest,Yes,Grassland (introduced)
sm53,25,Brazil,RJ,Silva Jardim,Ilha dos Barbados (fragmento E) Reserva Biológica Poço das Antas,-22.58047778,-42.24963056,Precise,11,NA,2121,Ombrophilous forest,Yes,Grassland (introduced)
sm54,25,Brazil,RJ,Silva Jardim,Ilha dos Barbados (fragmento F) Reserva Biológica Poço das Antas,-22.58101111,-42.25525556,Precise,12.3,NA,2121,Ombrophilous forest,Yes,Grassland (introduced)
sm55,25,Brazil,RJ,Silva Jardim,Ilha dos Barbados (fragmento G) Reserva Biológica Poço das Antas,-22.57537778,-42.24781389,Precise,9.4,NA,2121,Ombrophilous forest,Yes,Grassland (introduced)
sm56,25,Brazil,RJ,Silva Jardim,Ilha dos Barbados (fragmento H) Reserva Biológica Poço das Antas,-22.58381944,-42.26030278,Precise,15,NA,2121,Ombrophilous forest,Yes,Grassland (introduced)
sm57,25,Brazil,RJ,Silva Jardim,Ilha dos Barbados (matrix of open vegetation between A and D) Reserva Biológica Poço das Antas,-22.58520556,-42.24592778,Precise,13,NA,2121,Ombrophilous forest,Yes,Grassland (introduced)
sm58,26,Brazil,RJ,Silva Jardim,Ilha dos Barbados Reserva Biológica Poço das Antas,-22.583623,-42.26411,Precise,75.2,NA,2121,Ombrophilous forest,Yes,Grassland (introduced)
sm59,27,Brazil,RJ, Guapimirim,Bacia Hidrográfica do Rio Macacu Guapimirim Cachoeiras de Macacu e Itaboraí,-22.33333333,-42.98333333,Precise,100,250,NA,Ombrophilous forest,No,Agriculture mixed agriculture-cattle
sm60,28,Brazil,SP,Itapevi,Município de Itapevi,-23.569825,-46.93985833,Precise,124.58,900,1400,Ombrophilous forest,No,Plantations fields and built up areas
sm61,30,Brazil,PE,Recife,ESEC Caetés PEDI PEC São José CIMNC Aldeia e ESEC Tapacurá; Recife,-7.919904,-35.025836,Precise,8404,NA,NA,Ombrophilous forest,Yes,Pastures and agriculture
sm62,31,Brazil,MG,Vicosa,Centro de Estudos de Florestas Naturais (Mata do Paraíso) (campo antrópico) Viçosa,-20.438248,-42.489135,Precise,194,870,1750,Semideciduous forest,No,Pastures
sm63,31,Brazil,MG,Vicosa,Centro de Estudos de Florestas Naturais (Mata do Paraíso) (capoeira) Viçosa,-20.433982,-42.501028,Precise,194,870,1750,Semideciduous forest,No,Pastures and Eucaliptus
sm63,68,Brazil,MG,Vicosa,Centro de Estudos de Florestas Naturais (Mata do Paraíso) (capoeira) Viçosa,-20.433982,-42.501028,Precise,194,670,1750,Semideciduous forest,No,Pastures and Eucaliptus
sm64,68,Brazil,MG,Vicosa,Centro de Estudos de Florestas Naturais (Mata do Paraíso) (floresta nativa) Viçosa,-20.433152,-42.492407,Precise,194,670,1750,Semideciduous forest,No,Pastures Caffe and Eucaliptus
sm65,68,Brazil,MG,Vicosa,Centro de Estudos de Florestas Naturais (Mata do Paraíso) (mata secundária) Viçosa,-20.43915,-42.493506,Precise,194,870,1750,Semideciduous forest,No,Pastures Caffe and Eucaliptus
sm66,32,Brazil,MG,Rio Casca,Fazenda Esmeralda (floresta primária) Rio Casca,-20.06473333,-42.76111667,Precise,80,NA,NA,Ombrophilous forest,No,Pastures and agriculture
sm67,32,Brazil,MG,Rio Casca,Fazenda Esmeralda (floresta secundária) Rio Casca,-20.06843056,-42.73844167,Precise,60,NA,NA,Ombrophilous forest,No,Pastures and agriculture
sm68,32,Brazil,MG,Ipanema/Caratinga,Fazenda Montes Claros (floresta primária) Ipanema/Caratinga,-19.72722222,-41.82138889,Precise,860,NA,NA,Semideciduous forest,No,Pastures and Eucaliptus
sm69,32,Brazil,MG,Ipanema/Caratinga,Fazenda Montes Claros (floresta secundária) Ipanema/Caratinga,-19.713994,-41.822298,Precise,860,NA,NA,Semideciduous forest,No,Pastures and Eucaliptus
sm70,32,Brazil,MG,Timóteo,Parque Estadual do Rio Doce (Campolina - floresta primária),-19.69761667,-42.55199722,Precise,36000,515,1480,Semideciduous forest,Yes,Forest
sm71,32,Brazil,MG,Timóteo,Parque Estadual do Rio Doce (floresta secundária),-19.589594,-42.564326,Precise,36000,515,1480,Semideciduous forest,Yes,herbaceous plants bamboos and graminoids 
sm72,33,Brazil,RJ, Ilha Grande,Vila Dois Rios (área em regeneração há 25 anos) Ilha Grande,-23.186676,-44.204333,Precise,19000,NA,2500,Ombrophilous forest,No,Small agricultures Banana vegetables
sm73,33,Brazil,RJ, Ilha Grande,Vila Dois Rios (área em regeneração há 50 anos) Ilha Grande,-23.18335,-44.20002778,Precise,19000,NA,2500,Ombrophilous forest,No,Small agricultures Banana vegetables
sm74,33,Brazil,RJ, Ilha Grande,Vila Dois Rios (área preservada) Ilha Grande,-23.172,-44.209745,Not-Precise,19000,NA,2500,Ombrophilous forest,No,Small agricultures Banana vegetables
sm75,34,Brazil,RS,Sao Francisco de Paula,Centro de Pesquisas e Conservação da Natureza Pró Mata São Francisco de Paula,-29.47773333,-50.215825,Precise,2500,900,2252,Araucaria forest (Mixed ombrophilous),Yes,Open field
sm76,34,Brazil,RS,Sao Francisco de Paula,Fazenda Três Estrelas São Francisco de Paula,-29.484395,-50.225973,Precise,500,624,2253,Semideciduous forest,No,Open field
sm77,35,Brazil,PE,Ibateguara,Floresta Coimbra Centro de Endemismo Pernambuco,-9,-35.87,Not-Precise,3400,NA,1850,Ombrophilous forest,No,Pastures
sm78,35,Brazil,PE,Ibateguara,Floresta Aquidabã Centro de Endemismo Pernambuco,-8.991496,-35.838573,Precise,50,NA,1850,Ombrophilous forest,No,Pastures
sm79,35,Brazil,PE,Ibateguara,Floresta Espelho Centro de Endemismo Pernambuco,-8.762645,-35.914168,Precise,50,NA,1850,Ombrophilous forest,No,Pastures and agriculture
sm80,35,Brazil,PE,Ibateguara,Floresta Ageró Centro de Endemismo Pernambuco,-8.676571,-35.827059,Precise,50,NA,1850,Ombrophilous forest,No,Pastures and agriculture
sm81,35,Brazil,PE,Ibateguara,Floresta Fervedouro Centro de Endemismo Pernambuco,-8.748206,-35.900165,Precise,300,NA,1850,Ombrophilous forest,No,Pastures and agriculture
sm82,35,Brazil,PE,Ibateguara,Floresta Serra do Quengo Centro de Endemismo Pernambuco,-8.714868,-35.842889,Precise,500,NA,1850,Ombrophilous forest,No,Pastures and agriculture
sm83,35,Brazil,PE,Ibateguara,Floresta Xangô Centro de Endemismo Pernambuco,-8.190461,-35.078906,Precise,6,NA,1850,Ombrophilous forest,No,Pastures and agriculture
sm84,35,Brazil,PE,Ibateguara,Floresta Cuxiu Centro de Endemismo Pernambuco,-8.201313,-35.072244,Precise,38,NA,1850,Ombrophilous forest,No,Pastures and agriculture
sm85,35,Brazil,PE,Ibateguara,Floresta Café Centro de Endemismo Pernambuco,-8.230258,-35.058674,Precise,118,NA,1850,Ombrophilous forest,No,Pastures and agriculture
sm86,35,Brazil,PE,Ibateguara,Floresta São Brás Centro de Endemismo Pernambuco,-8.22305,-35.05638,Precise,50,NA,1850,Ombrophilous forest,No,Pastures and agriculture
sm87,36,Brazil,SP, Picinguaba,Sede Parque Estadual Serra do Mar Picinguaba Ubatuba,-23.36335556,-44.83625833,Precise,47500,NA,2750,Ombrophilous forest,Yes,Forest
sm88,36,Brazil,SP, Picinguaba,Casa da Farinha Parque Estadual Serra do Mar Picinguaba Ubatuba,-23.33283611,-44.8332,Precise,47500,NA,2750,Ombrophilous forest,Yes,Forest
sm89,37,Brazil,SP,Vale do Paraiba,São Luiz do Paraitinga (Fragmento sem rio) Vale do Paraíba,-23.17711111,-45.37916389,Precise,140,1080,1277,Ombrophilous forest,No,Pastures
sm90,37,Brazil,SP,Vale do Paraiba,São Luiz do Paraitinga (Fragmento com rio) Vale do Paraíba,-23.21176944,-45.27347778,Precise,180,1080,1277,Ombrophilous forest,No,Pastures
sm91,37,Brazil,SP,Vale do Paraiba,São Luiz do Paraitinga (Borda do fragmento) Vale do Paraíba,-23.179152,-45.377639,Precise,140,1080,1277,Ombrophilous forest,No,Pastures
sm92,37,Brazil,SP,Vale do Paraiba,São Luiz do Paraitinga (Matriz sem rio) Vale do Paraíba,-23.179634,-45.380366,Precise,140,1080,1277,Ombrophilous forest,No,Pastures
sm93,37,Brazil,SP,Vale do Paraiba,São Luiz do Paraitinga (Matriz com rio) Vale do Paraíba,-23.216409,-45.275524,Precise,180,1080,1277,Ombrophilous forest,No,Pastures
sm94,39,Brazil,SP,Ribeirao Grande,Mina Limeira (Site 1) Ribeirão Grande,-24.17272778,-48.33373056,Precise,2500,NA,1700,Ombrophilous forest,No,industry
sm95,39,Brazil,SP,Ribeirao Grande,Mina Limeira (Site 2) Ribeirão Grande,-24.17475556,-48.33198056,Precise,2500,NA,1700,Ombrophilous forest,No,Forest
sm96,39,Brazil,SP,Ribeirao Grande,Mina Limeira (Site 3) Ribeirão Grande,-24.17816944,-48.3285,Precise,2500,NA,1700,Ombrophilous forest,No,Forest
sm97,39,Brazil,SP,Ribeirao Grande,Mina Limeira (Site 4) Ribeirão Grande,-24.18096111,-48.32448889,Precise,2500,NA,1700,Ombrophilous forest,No,Forest
sm98,40,Brazil,RS,Rio Grande,Praia do Cassino (dunas) Rio Grande,-32.28747222,-52.26651667,Precise,42,NA,1162,Semideciduous forest,No,Open field
sm99,40,Brazil,RS,Rio Grande,Praia do Cassino (restinga) Rio Grande,-32.28618333,-52.27679722,Precise,42,NA,1162,Semideciduous forest,No,Open field
sm100,42,Brazil,PR,Pirai do Sul,UC Floresta Nacional de Piraí do Sul (Floresta de Pinus) Piraí do Sul,-24.587255,-49.923943,Precise,153,1248,1480,Ombrophilous forest,Yes,Extensive agriculture pastures and Pinus plantation
sm101,42,Brazil,PR,Pirai do Sul,UC Floresta Nacional de Piraí do Sul (Mata Ciliar) Piraí do Sul,-24.575878,-49.912402,Precise,153,1248,1480,Ombrophilous forest,Yes,Extensive agriculture pastures and Pinus plantation
sm102,42,Brazil,PR,Pirai do Sul,UC Floresta Nacional de Piraí do Sul (Reflorestamento de Araucárias) Piraí do Sul,-24.575738,-49.912997,Precise,153,1248,1480,Ombrophilous forest,Yes,Extensive agriculture pastures and Pinus plantation
sm103,42,Brazil,PR,Pirai do Sul,UC Floresta Nacional de Piraí do Sul (Regenaração Natural) Piraí do Sul,-24.582999,-49.909341,Precise,153,1248,1480,Ombrophilous forest,Yes,Extensive agriculture pastures and Pinus plantation
sm104,42,Brazil,PR,Pirai do Sul,UC Floresta Nacional de Piraí do Sul (Capoeirinha de Altitude) Piraí do Sul,-24.584243,-49.89896,Precise,153,1248,1480,Ombrophilous forest,Yes,Extensive agriculture pastures and Pinus plantation
sm105,42,Brazil,PR,Pirai do Sul,UC Floresta Nacional de Piraí do Sul (Banhado) Piraí do Sul,-24.587095,-49.904808,Precise,153,1248,1480,Ombrophilous forest,Yes,Extensive agriculture pastures and Pinus plantation
sm106,42,Brazil,PR,Pirai do Sul,UC Floresta Nacional de Piraí do Sul (Taquaral) Piraí do Sul,-24.58694,-49.907174,Precise,153,1248,1480,Ombrophilous forest,Yes,Extensive agriculture pastures and Pinus plantation
sm107,42,Brazil,PR,Pirai do Sul,UC Floresta Nacional de Piraí do Sul (Área Antropizada) Piraí do Sul,-24.591573,-49.899269,Precise,153,1248,1480,Ombrophilous forest,Yes,Extensive agriculture pastures and Pinus plantation
sm108,43,Brazil,RJ,Volta Redonda,Parque do Ingá Volta Redonda,-22.44508333,-44.07841667,Precise,211,434,1300,Semideciduous forest,No,Eucalipto plantations and pastures
sm109,44,Brazil,MG,Conceicao das Alagoas,Unidade Volta Grande Conceição das Alagoas,-20.022822,-48.235677,Precise,391,NA,1550,Semideciduous forest,No,River and Agroculture
sm110,44,Brazil,SP,Miguelopoles,Unidade Volta Grande Miguelópoles,-20.0323,-48.23325,Precise,391,NA,1550,Semideciduous forest,No,River and Agroculture
sm111,45,Brazil,SC,Florianópolis,Parque Municipal da Lagoa do Peri Ilha Santa Catarina,-27.72243333,-48.52846667,Precise,1500,60,1384,Ombrophilous forest,No,Urban and small agriculture
sm112,78,Brazil,RJ,Sumidouri,Vale do Pamparrão Porteira Verde Bela Joana  Sumidouro,-22.01691389,-42.65711389,Precise,676,355,NA,Ombrophilous forest,No,Small rural properties with plantations and pastures
sm113,47,Brazil,RJ,Sumidouro,Vale do Pamparrão Sumidouro,-22.04611111,-42.68916667,Precise,676,355,NA,Ombrophilous forest,No,Diverse plantations and pasturelands
sm114,49,Brazil,SP,Itatiaia,Parque Nacional do Itatiaia RJ - Parque Nacional da Serra da Bocaina SP - Serra da Fartura SP,-22.48527778,-44.75861111,Precise,8000,1500,NA,Ombrophilous forest,Yes,Forest
sm115,50,Brazil,SC,Chapeco,Fragmento localizada a oeste de Santa Catarina,-27.14038056,-52.71718333,Precise,400,600,1800,Ombrophilous forest,No,Eucalyptus monocultures forestry and housing
sm116,51,Brazil,PR,Antonina,Reserva Natural Rio Cachoeira (capoeira) Antonina,-25.244277,-48.693453,Precise,10009.36,NA,2730,Ombrophilous forest,Yes,Pastures and agriculture
sm117,51,Brazil,PR,Antonina,Reserva Natural Rio Cachoeira (floresta secundária) Antonina,-25.261011,-48.680328,Precise,10009.36,NA,2730,Ombrophilous forest,Yes,Pastures and agriculture
sm118,51,Brazil,PR,Antonina,Reserva Natural Rio Cachoeira (floresta primária) Antonina,-25.24959167,-48.68356111,Precise,10009.36,NA,2730,Ombrophilous forest,Yes,Pastures and agriculture
sm119,92,Brazil,RJ,Jacarepagua,Parque Estadual da Pedra Branca (cota 150 m) Jacarepaguá,-22.93195,-43.444924,Precise,12500,150,NA,Ombrophilous forest,Yes,Sugarcane corn banana caffe and caqui
sm120,92,Brazil,RJ,Jacarepagua,Parque Estadual da Pedra Branca (cota 200 m) Jacarepaguá,-22.924341,-43.438242,Precise,12500,200,NA,Ombrophilous forest,Yes,Sugarcane corn banana caffe and caqui
sm121,92,Brazil,RJ,Jacarepagua,Parque Estadual da Pedra Branca (cota 300 m) Jacarepaguá,-22.927992,-43.448981,Precise,12500,300,NA,Ombrophilous forest,Yes,Sugarcane corn banana caffe and caqui
sm122,92,Brazil,RJ,Jacarepagua,Parque Estadual da Pedra Branca (cota 400 m) Jacarepaguá,-22.934491,-43.458576,Precise,12500,400,NA,Ombrophilous forest,Yes,Sugarcane corn banana caffe and caqui
sm123,92,Brazil,RJ,Jacarepagua,Parque Estadual da Pedra Branca (cota 500 m) Jacarepaguá,-22.943564,-43.456198,Precise,12500,500,NA,Ombrophilous forest,Yes,Sugarcane corn banana caffe and caqui
sm124,92,Brazil,RJ,Jacarepagua,Parque Estadual da Pedra Branca (cota 600 m) Jacarepaguá,-22.943546,-43.462111,Precise,12500,600,NA,Ombrophilous forest,Yes,Sugarcane corn banana caffe and caqui
sm125,52,Brazil,RJ,Jacarepagua,Parque Estadual da Pedra Branca Jacarepaguá,-22.947188,-43.452989,Precise,12500,600,NA,Ombrophilous forest,Yes,Sugarcane corn banana caffe and caqui
sm126,53,Brazil,PR,Matinhos,Rio do Tigre Matinhos Parque Nacional Saint-Hilaire/Lange,-25.74138889,-48.59888889,Precise,25118,90,2435,Ombrophilous forest,Yes,Forest
sm127,53,Brazil,PR,Paranagua,Fazenda Niterói Paranaguá Parque Nacional Saint-Hilaire/Lange,-25.65805556,-48.5975,Precise,25118,88,2435,Ombrophilous forest,Yes,Pastures and Banana cultive
sm128,53,Brazil,PR,Paranagua,Rio Miranda Paranaguá Parque Nacional Saint-Hilaire/Lange,-25.61444444,-48.63944444,Precise,25118,159,2435,Ombrophilous forest,Yes,Forest
sm129,54,Brazil,RS,Terra de Areia,Reserva Biológica Estadual Mata Paludosa Terra de Areia,-29.50652778,-50.10702778,Precise,113,30,NA,Ombrophilous forest,Yes,Banana farming
sm130,54,Brazil,RS,Tres Forquilhas,Floresta Ombrófila Densa Vale do Rio Três Forquilhas Rota do Sol,-29.37511111,-50.18863889,Precise,40,350,NA,Ombrophilous forest,No,Pastures and agriculture
sm131,54,Brazil,RS,Tres Forquilhas,Floresta Ombrófila Mista Vale do Rio Três Forquilhas Rota do Sol,-29.32102778,-50.20469444,Precise,600,780,NA,Ombrophilous forest,No,Eucalyptus spp. and Pinus spp. plantations
sm132,55,Brazil,SC,Sideropolis,Barragem do Rio São Bento (Sítio 1) Siderópolis,-28.61677222,-49.61096944,Precise,9316,233,1983,Ombrophilous forest,No,Forest
sm133,55,Brazil,SC,Sideropolis,Barragem do Rio São Bento (Sítio 2) Siderópolis,-28.61151111,-49.59546667,Precise,9316,188,1983,Ombrophilous forest,No,Forest
sm134,55,Brazil,SC,Sideropolis,Barragem do Rio São Bento (Sítio 3) Siderópolis,-28.60629167,-49.59328889,Precise,9316,230,1983,Ombrophilous forest,No,Forest
sm135,55,Brazil,SC,Sideropolis,Barragem do Rio São Bento (Sítio 4) Siderópolis,-28.60467778,-49.59366111,Precise,9316,209,1983,Ombrophilous forest,No,Forest
sm136,56,Brazil,RS,Viamao,Lar Nazaré (plantação de Eucalipto) Lami Viamão,-30.230527,-51.028188,Precise,15,NA,1300,Deciduous forest,No,Agriculture pastures Eucalyptus sp. and Pinus sp. plantations
sm137,56,Brazil,RS,Viamao,Lar Nazaré (mata nativa) Lami Viamão,-30.23333333,-51.03333333,Precise,15,NA,1300,Deciduous forest,No,Agriculture pastures Eucalyptus sp. and Pinus sp. plantations
sm138,57,Brazil,ES,Ilha Vitória,Parque Estadual da Fonte Grande Ilha Vitória,-20.30053056,-40.33475,Precise,218,300,NA,Ombrophilous forest,Yes,Agriculture and pasture
sm138,58,Brazil,ES,Ilha Vitória,Parque Estadual da Fonte Grande Ilha Vitória,-20.30053056,-40.33475,Precise,218,350,NA,Ombrophilous forest,Yes,Agriculture and pasture
sm139,59,Brazil,SC,Jabora,Município de Jaborá,-27.13520278,-51.78351944,Precise,8000,689,1930,Ombrophilous forest,No,Pastureland shrub and cornfields
sm140,60,Brazil,PR,General Carneiro,General Carneiro,-26.43261944,-51.327175,Precise,NA,NA,1785,Ombrophilous forest,No,Agriculture pastures and Pinus sp. Plantations
sm141,61,Brazil,RJ,Cambuci,Fazenda Esmeralda Cambuci,-21.48416667,-41.87272222,Precise,1000,650,1276,Ombrophilous forest,No,Pastures
sm142,62,Brazil,SP,Pilar do Sul,Fazenda João XXIII (floresta contínua) APA da Serra do Tapiraí Pilar do Sul,-23.94875,-47.68488611,Precise,2250,980,1683.2,Ombrophilous forest,Yes,Eucalyptus saligna plantations
sm143,62,Brazil,SP,Pilar do Sul,Fazenda João XXIII (plantio de E. saligna) APA da Serra do Tapiraí Pilar do Sul,-23.93275833,-47.67135,Precise,2250,980,1683.2,Ombrophilous forest,Yes,Eucalyptus saligna plantations
sm144,62,Brazil,SP,Pilar do Sul,Fazenda João XXIII (fragmentos) APA da Serra do Tapiraí Pilar do Sul,-23.93508333,-47.68886111,Precise,2250,980,1683.2,Ombrophilous forest,Yes,Eucalyptus saligna plantations
sm145,63,Brazil,MG,Mata do Vinhático,Parque Estadual do Rio Doce Mata do Vinhático,-19.546778,-42.54654,Precise,36000,515,1480,Semideciduous forest,Yes,herbaceous plants bamboos and graminoids 
sm145,111,Brazil,MG,Mata do Vinhático,Parque Estadual do Rio Doce Mata do Vinhático,-19.546778,-42.54654,Precise,36000,515,1480,Semideciduous forest,Yes,herbaceous plants bamboos and graminoids 
sm146,64,Brazil,RJ,Santa Maria Madalena,Parque Estadual do Desengano,-21.8683,-41.86453889,Precise,22400,1425,NA,Ombrophilous forest,Yes,Forest
sm147,75,Brazil,PR,Morretes,Parque Estadual Pico do Marumbi,-25.47376667,-48.89146667,Precise,2342,480,1924,Ombrophilous forest,Yes,Forest
sm148,65,Brazil,RS,Trindade do Sul,Bacia Hidrográfica do Rio Várzea,-27.43658056,-53.02606944,Precise,16000,600,NA,Deciduous forest,No,Corn and soy plantation and pastures
sm149,66,Brazil,PR,Foz do Iguaçu,Parque Nacional do Iguaçu,-25.06696389,-53.65272778,Precise,185300,NA,1900,Araucaria forest (Mixed ombrophilous),Yes,Road Agriculture and forest
sm150,67,Brazil,BA,Palmeiras,Foz do Córrego Brejão Palmeiras Chapada Diamantina,-12.41666667,-41.41666667,Precise,8000,842,NA,Ombrophilous forest,No,Native vegetation
sm151,67,Brazil,BA,Lencois,Remanso Lençóis Chapada Diamantina,-12.56666667,-41.35,Not-Precise,8000,516,NA,Ombrophilous forest,No,Native vegetation
sm152,69,Brazil,MG,Santo Antonio do Amparo,Fragmentos florestais Santo Antônio do Amparo,-20.91608611,-44.84009722,Precise,74,1050,1597,Semideciduous forest,No,Eucalipitus Pastures and Coffee plantation
sm153,69,Brazil,MG,Santo Antonio do Amparo,Corredor de vegetação Santo Antônio do Amparo,-20.912025,-44.85250278,Precise,8,1050,1597,Semideciduous forest,No,Eucalipitus Pastures and Coffee plantation
sm154,69,Brazil,MG,Santo Antonio do Amparo,Matriz de café Santo Antônio do Amparo,-20.912025,-44.85250278,Precise,300,1050,1597,Semideciduous forest,No,Eucalipitus Pastures and Coffee plantation
sm155,70,Brazil,RS,Cambará do Sul,Parque Nacional dos Aparados da Serra,-29.16666667,-50.08333333,Precise,10250,900,1850,Araucaria forest (Mixed ombrophilous),Yes,Pastures and agriculture
sm156,71,Brazil,MG,Lavras,Fragmento 1 Lavras,-21.29093889,-44.98702778,Precise,7.2,950,1460,Semideciduous forest,No,Pastures and sugar cane
sm157,71,Brazil,MG,Lavras,Fragmento 2 Lavras,-21.29566111,-44.99483889,Precise,11.8,950,1460,Semideciduous forest,No,Pastures and sugar cane
sm158,71,Brazil,MG,Lavras,Fragmento 3 Lavras,-21.29678611,-44.98645833,Precise,1.03,950,1460,Semideciduous forest,No,Pastures and sugar cane
sm159,71,Brazil,MG,Lavras,Fragmento 4 Lavras,-21.30255,-44.99664444,Precise,7.4,950,1460,Semideciduous forest,No,Pastures and sugar cane
sm160,71,Brazil,MG,Lavras,Fragmento 5 Lavras,-21.30369722,-44.98698056,Precise,7.8,950,1460,Semideciduous forest,No,Pastures and sugar cane
sm161,71,Brazil,MG,Lavras,Corredor 1 Lavras,-21.294475,-44.98603889,Precise,1.2,950,1460,Semideciduous forest,No,Pastures and sugar cane
sm162,71,Brazil,MG,Lavras,Corredor 2 Lavras,-21.294525,-44.99160833,Precise,1.7,950,1460,Semideciduous forest,No,Pastures and sugar cane
sm163,71,Brazil,MG,Lavras,Corredor 3 Lavras,-21.300825,-44.99443333,Precise,2.2,950,1460,Semideciduous forest,No,Pastures and sugar cane
sm164,71,Brazil,MG,Lavras,Corredor 4 Lavras,-21.30411667,-44.99407222,Precise,0.2,950,1460,Semideciduous forest,No,Pastures and sugar cane
sm165,71,Brazil,MG,Lavras,Corredor 5 Lavras,-21.30488889,-44.99106111,Precise,0.7,950,1460,Semideciduous forest,No,Pastures and sugar cane
sm166,72,Brazil,SP,Rio Claro/Araras,Fazenda São José Rio Claro-Araras,-22.35975278,-47.47680833,Precise,230,630,NA,Semideciduous forest,No,Sugarcane plantations
sm167,73,Brazil,SP,Angatuba,Fazenda Três Lagoas e Fazenda Arca (floresta nativa) Angatuba,-23.38628889,-48.44067222,Precise,550,624,1215,Semideciduous forest,No,Pastures and Eucalyptus plantations
sm168,73,Brazil,SP,Angatuba,Fazenda Três Lagoas e Fazenda Arca (pasto abandonado) Angatuba,-23.36687222,-48.48902222,Precise,346,624,1215,Semideciduous forest,No,Pastures and Eucalyptus plantations
sm169,73,Brazil,SP,Angatuba,Fazenda Três Lagoas e Fazenda Arca (floresta de Eucalipto) Angatuba,-23.35159444,-48.46823333,Precise,2220,NA,1215,Araucaria forest (Mixed ombrophilous),No,Pastures and Eucalyptus plantations
sm170,76,Brazil,MG,Minduri/Carrancas,Chapada das Perdizes (Fragmento florestal 1) Minduri-Carrancas,-21.58224722,-44.56086111,Precise,7000,1400,1570,Semideciduous forest,No,Pastures and crops
sm171,76,Brazil,MG,Minduri/Carrancas,Chapada das Perdizes (Fragmento florestal 2) Minduri-Carrancas,-21.59679167,-44.56158889,Precise,7000,1300,1570,Semideciduous forest,No,Pastures and crops
sm172,76,Brazil,MG,Minduri/Carrancas,Chapada das Perdizes (floresta de neblina) Minduri-Carrancas,-21.59322222,-44.58386389,Precise,7000,1529,1570,Ombrophilous forest,No,Pastures and crops
sm173,76,Brazil,MG,Minduri/Carrancas,Chapada das Perdizes (campos naturais) Minduri-Carrancas,-21.59315,-44.56381111,Precise,7000,1527,1570,Semideciduous forest,No,Pastures and crops
sm174,77,Brazil,RS,Passo Fundo,Floresta Nacional de Passo Fundo,-28.32230278,-52.19166667,Precise,1358,781,2252,Araucaria forest (Mixed ombrophilous),Yes,Pastures Pinus and Eucaliptus
sm175,79,Brazil,SP,Sertaozinho,Usina Santa Elisa Vale Sertãozinho,-21.07611111,-48.00611111,Precise,1090,500,1500,Semideciduous forest,No,Sugarcane plantations
sm176,80,Brazil,MG,São João Del Rei,Fragmentos ao lado das Rodovias BR 383 (São João Del Rei-São Vicente) e MG 354 e MG335 (Luminários-Bom Sucesso),-21.26343333,-44.92475556,Precise,5,1180,1500,Semideciduous forest,No,Pastures Eucalyptus plantations Coffee plantations and crop rotation
sm177,81,Brazil,SP,Ibiuna,Planalto de Ibiúna Ibiúna,-23.76666667,-47.11666667,Precise,10000,1100,1350,Ombrophilous forest,No,Eucalyptus and Pinus plantations and agriculture (vegetables or corn)
sm178,82,Brazil,RS,Sertao,Parque Natural Municipal de Sertão Sertão,-28.04194444,-52.22444444,Precise,590.8,700,NA,Ombrophilous forest,Yes,Pastures and Agriculture (Wheat)
sm179,83,Brazil,SE,Estancia,Estancia (Fragmento 1),-11.262224,-37.420746,Precise,145,NA,1325,Ombrophilous forest,No,Pastures and Coconut palm groves
sm180,83,Brazil,SE,Estancia,Estancia (Fragmento 2),-11.25851111,-37.42264167,Precise,547,NA,1325,Ombrophilous forest,No,Pastures and Coconut palm groves
sm181,104,Brazil,RS,São Francisco de Paula,Floresta Nacional de São Francisco de Paula (floresta nativa),-29.42124167,-50.3922,Precise,1600,950,2252,Araucaria forest (Mixed ombrophilous),Yes,Forest and forest monoculture (Araucaria and Pinus)
sm182,104,Brazil,RS,São Francisco de Paula,Floresta Nacional de São Francisco de Paula (floresta plantada),-29.43045278,-50.39530278,Precise,1600,950,2252,Araucaria forest (Mixed ombrophilous),Yes,Forest and forest monoculture (Araucaria and Pinus)
sm183,84,Brazil,RS,São Francisco de Paula,Floresta Nacional de São Francisco de Paula,-29.423395,-50.391628,Precise,1606,950,2252,Araucaria forest (Mixed ombrophilous),Yes,Plantations of A. angustifolia P. taeda and P. elliottii
sm184,86,Brazil,SC,Blumenau/Indaial,Parque Natural Municipal Nascentes do Garcia Blumenau e Indaial,-27.04528611,-49.09931667,Precise,5400,1039,1700,Ombrophilous forest,Yes,Pastures and agriculture areas
sm185,87,Brazil,SP,Angatuba,Fazenda Três Lagoas Angatuba,-23.34472222,-48.46583333,Precise,3242,624,1215,Semideciduous forest,No,Pastures and Eucalyptus plantations
sm186,88,Brazil,MG,Santa Barbara,Estação de Pesquisa e Desenvolvimento Ambiental de Peti (rancho - floresta secundária jovem) Santa Bárbara,-19.87419444,-43.35276111,Precise,600,806,NA,Semideciduous forest,No,Pastures and Agriculture
sm187,88,Brazil,MG,Santa Barbara,Estação de Pesquisa e Desenvolvimento Ambiental de Peti (barragem - floresta secundária antiga) Santa Bárbara,-19.89776667,-43.37278333,Precise,600,806,NA,Semideciduous forest,No,Water Pastures and Agriculture
sm188,90,Brazil,SP,Piracicaba,"Campus ""Luiz de Queiroz"" Universidade de São Paulo (USP) Piracicaba",-22.69388333,-47.63189444,Precise,821,546,1200,Semideciduous forest,No,Agriculture
sm189,91,Brazil,PE,São Vicente Ferrer,São Vicente Férrer,-7.590833333,-35.49083333,Precise,150,NA,NA,Semideciduous forest,No,Bananas and grapes crops and sugarcane
sm190,93,Brazil,RS/SC,Torres,Parque Estadual Itapeva Torres,-29.36534722,-49.76476389,Precise,114,NA,1600.9,Deciduous forest,Yes,Pastures Agriculture and Urban Areas
sm191,94,Brazil,RJ,Teresopolis,Fazenda Boa Fé Teresópolis,-22.36335278,-42.93168889,Precise,40,2000,1649,Ombrophilous forest,No,Pastures and small agriculture areas
sm192,94,Brazil,RJ,Teresopolis,Fazenda Comarí Teresópolis,-22.45076389,-42.97033611,Precise,40,2000,1649,Ombrophilous forest,No,Pastures and small agriculture areas
sm193,95,Brazil,RJ,Guapimirim,Garrafão Parque Nacional Serra dos Órgãos Guapimirim,-22.47,-42.99722222,Not-Precise,20030,NA,NA,Ombrophilous forest,Yes,Forest
sm193,98,Brazil,RJ,Guapimirim,Garrafão Parque Nacional Serra dos Órgãos Guapimirim,-22.46666667,-42.98333333,Precise,20030,750,NA,Ombrophilous forest,Yes,Forest
sm193,105,Brazil,RJ,Guapimirim,Garrafão Parque Nacional Serra dos Órgãos Guapimirim,-22.47444444,-43.00722222,Precise,20000,750,2250,Ombrophilous forest,Yes,Forest
sm194,95,Brazil,RJ,Marica,Restinga de Barra de Maricá Maricá,-22.95833333,-42.83333333,Precise,50,NA,NA,Restinga,No,Urban Areas
sm195,96,Brazil,SP,Guarulhos,Pedra Grande Parque Estadual da Cantareira,-23.36666667,-46.6,Not-Precise,791652,NA,NA,Ombrophilous forest,Yes,Forest
sm196,97,Brazil,RS,Sao Francisco de Paula,Transecto campo-floresta contínua Centro de Pesquisas e Conservação da Natureza Pró-Mata São Francisco de Paula,-29.48697222,-50.201975,Precise,2252,930,2252,Araucaria forest (Mixed ombrophilous),Yes,Open field
sm197,97,Brazil,RS,Sao Francisco de Paula,Transecto campo-fragmento 1 Centro de Pesquisas e Conservação da Natureza Pró-Mata São Francisco de Paula,-29.48593889,-50.20655278,Precise,0.24,930,2252,Araucaria forest (Mixed ombrophilous),Yes,Open field
sm198,97,Brazil,RS,Sao Francisco de Paula,Transecto campo-fragmento 2 Centro de Pesquisas e Conservação da Natureza Pró-Mata São Francisco de Paula,-29.48288889,-50.20819444,Precise,0.22,930,2252,Araucaria forest (Mixed ombrophilous),Yes,Open field
sm199,97,Brazil,RS,Sao Francisco de Paula,Transecto campo-fragmento 3 Centro de Pesquisas e Conservação da Natureza Pró-Mata São Francisco de Paula,-29.47995556,-50.20571111,Precise,0.15,930,2252,Araucaria forest (Mixed ombrophilous),Yes,Open field
sm200,99,Brazil,ES,Santa Teresa,Estação Biológica de Santa Lúcia (área controle 1) Santa Teresa,-19.975418,-40.53154,Precise,840,830,1868,Ombrophilous forest,Yes,Eucalyptus and coffee plantations and pasturelands
sm201,99,Brazil,ES,Santa Teresa,Estação Biológica de Santa Lúcia (área controle 2) Santa Teresa,-19.97239444,-40.53934444,Precise,840,830,1868,Ombrophilous forest,Yes,Eucalyptus and coffee plantations and pasturelands
sm202,99,Brazil,ES,Santa Teresa,Estação Biológica de Santa Lúcia (área controle 3) Santa Teresa,-19.967537,-40.539663,Precise,840,830,1868,Ombrophilous forest,Yes,Eucalyptus and coffee plantations and pasturelands
sm203,99 / 136,Brazil,ES,Santa Teresa,Fragmento médio 1 Santa Teresa,-19.95408889,-40.58149167,Precise,197.6,810,1345,Ombrophilous forest,No,Coffee and Eucalyptus plantations and pastures
sm204,99 / 136,Brazil,ES,Santa Teresa,Fragmento médio 2 Santa Teresa,-19.95916667,-40.5975,Precise,158.9,810,1345,Ombrophilous forest,No,Eucalyptus and coffee plantations and pasturelands
sm205,99 / 136,Brazil,ES,Santa Teresa,Fragmento pequeno 1 Santa Teresa,-19.96666667,-40.58333333,Precise,9.1,873,1345,Ombrophilous forest,No,Eucalyptus and coffee plantations and pasturelands
sm206,99 / 136,Brazil,ES,Santa Teresa,Fragmento pequeno 2 Santa Teresa,-19.96666667,-40.58333333,Precise,7.6,NA,1345,Ombrophilous forest,No,Coffee and Eucalyptus plantations and pastures
sm207,99 / 136,Brazil,ES,Santa Teresa,Fragmento pequeno 3 Santa Teresa,-19.965148,-40.580537,Precise,2.8,NA,1345,Ombrophilous forest,No,Coffee and Eucalyptus plantations and pastures
sm208,100,Brazil,RS,Santa Maria,Campo de Instrução de Santa Maria Santa Maria,-29.79123333,-53.85144722,Precise,1500,NA,1625,Deciduous forest,No,Pasture
sm209,101,Brazil,SE,Itabaiana,Parque Nacional Serra de Itabaiana,-10.81461944,-37.29133333,Precise,7996,NA,NA,Ombrophilous forest,Yes,Pastures and small agriculture areas
sm210,102,Brazil,MG,Santa Cruz do Escalvado,Pingo D'Água Santa Cruz do Escalvado,-20.239902,-42.814249,Precise,78,NA,NA,Semideciduous forest,No,Hurban Area
sm211,102,Brazil,MG,Santa Cruz do Escalvado,São Sebastião do Soberbo Santa Cruz do Escalvado,-20.23783889,-42.82073611,Precise,78,NA,NA,Semideciduous forest,No,Hurban Area
sm212,102,Brazil,MG,Santa Cruz do Escalvado,Patrimônio Santa Cruz do Escalvado,-20.24856667,-42.87632222,Precise,46,NA,NA,Semideciduous forest,No,Hurban Area
sm213,106,Brazil,RJ,Guapimirim,Fragmento 1 Bacia Hidrográfica do Rio Macacu Guapimirim e Cachoeiras de Macacu,-22.5632,-42.96504722,Precise,49.6,200,NA,Ombrophilous forest,No,Secondary shrubby vegetation
sm214,106,Brazil,RJ,Guapimirim,Fragmento 2 Bacia Hidrográfica do Rio Macacu Guapimirim e Cachoeiras de Macacu,-22.56146389,-42.95436944,Precise,27.4,200,NA,Ombrophilous forest,No,Secondary shrubby vegetation
sm215,106,Brazil,RJ,Guapimirim,Fragmento 4 Bacia Hidrográfica do Rio Macacu Guapimirim e Cachoeiras de Macacu,-22.53036944,-42.86142222,Precise,33,200,NA,Ombrophilous forest,No,Pastures and small agriculture areas
sm216,106,Brazil,RJ,Guapimirim,Fragmento 5 Bacia Hidrográfica do Rio Macacu Guapimirim e Cachoeiras de Macacu,-22.54276944,-42.80493889,Precise,27.8,200,NA,Ombrophilous forest,No,Pastures and small agriculture areas
sm217,106,Brazil,RJ,Guapimirim,Fragmento 6 Bacia Hidrográfica do Rio Macacu Guapimirim e Cachoeiras de Macacu,-22.52228889,-42.79176944,Precise,15.5,200,NA,Ombrophilous forest,No,Pastures and small agriculture areas
sm218,106,Brazil,RJ,Guapimirim,Fragmento 9 Bacia Hidrográfica do Rio Macacu Guapimirim e Cachoeiras de Macacu,-22.58190556,-42.90448889,Precise,36.7,200,NA,Ombrophilous forest,No,Secondary shrubby vegetation
sm219,106,Brazil,RJ,Guapimirim,Fragmento 13 Bacia Hidrográfica do Rio Macacu Guapimirim e Cachoeiras de Macacu,-22.588225,-42.86252778,Precise,41.2,200,NA,Ombrophilous forest,No,Secondary shrubby vegetation
sm220,106,Brazil,RJ,Guapimirim,Fragmento 16 Bacia Hidrográfica do Rio Macacu Guapimirim e Cachoeiras de Macacu,-22.53703611,-42.90727222,Precise,70.3,200,NA,Ombrophilous forest,No,Pastures and small agriculture areas
sm221,106,Brazil,RJ,Guapimirim,Fragmento 17 Bacia Hidrográfica do Rio Macacu Guapimirim e Cachoeiras de Macacu,-22.53914444,-42.83087778,Precise,17.7,200,NA,Ombrophilous forest,No,Secondary shrubby vegetation
sm222,106,Brazil,RJ,Guapimirim,Fragmento 18 Bacia Hidrográfica do Rio Macacu Guapimirim e Cachoeiras de Macacu,-22.54323611,-42.83827222,Precise,10.3,200,NA,Ombrophilous forest,No,Pastures and small agriculture areas
sm223,106,Brazil,RJ,Guapimirim,Fragmento 19 Bacia Hidrográfica do Rio Macacu Guapimirim e Cachoeiras de Macacu,-22.46721944,-42.75900556,Precise,22.4,200,NA,Ombrophilous forest,No,Pastures and small agriculture areas
sm224,106,Brazil,RJ,Guapimirim,Controle A Bacia Hidrográfica do Rio Macacu Guapimirim e Cachoeiras de Macacu,-22.51120833,-42.87679167,Precise,11460,200,NA,Ombrophilous forest,No,Forest
sm225,106,Brazil,RJ,Guapimirim,Controle B Bacia Hidrográfica do Rio Macacu Guapimirim e Cachoeiras de Macacu,-22.50680278,-42.85708611,Precise,11460,200,NA,Ombrophilous forest,No,Forest
sm226,107,Brazil,RS,Pelotas,Horto Botânico Irmão Teodoro Luis,-31.81409444,-52.42901389,Precise,27,NA,NA,Deciduous forest,Yes,Agriculture Swamp and open field
sm227,108,Brazil,PR,Guaraquecaba,Reserva Natural Salto Morato (floresta primária) Guaraqueçaba,-25.1523,-48.25750278,Precise,2340,900,NA,Ombrophilous forest,Yes,Forest
sm228,108,Brazil,PR,Guaraquecaba,Reserva Natural Salto Morato (floresta secundária) Guaraqueçaba,-25.149423,-48.241355,Precise,2340,900,NA,Ombrophilous forest,Yes,Forest
sm229,109,Brazil,RJ, Silva Jardim,Fragmento A Fazenda Rio Preto Silva Jardim,-22.54236944,-42.32699444,Precise,4008,NA,2048,Ombrophilous forest,No,Pasturelands
sm230,109,Brazil,RJ, Silva Jardim,Fragmento B Fazenda Rio Preto Silva Jardim,-22.53337778,-42.32482778,Precise,123,NA,2048,Ombrophilous forest,No,Pasturelands
sm231,109,Brazil,RJ, Silva Jardim,Corredor A-B Fazenda Rio Preto Silva Jardim,-22.53568333,-42.32624167,Precise,0.29,NA,2048,Ombrophilous forest,No,Pasturelands
sm232,109,Brazil,RJ, Silva Jardim,Matriz 1 Fazenda Rio Preto Silva Jardim,-22.53538056,-42.32640556,Precise,0.15,NA,2048,Ombrophilous forest,No,Pasturelands
sm233,109,Brazil,RJ, Silva Jardim,Fragmento C Fazendas Vale do Cedro e Santa Helena Silva Jardim,-22.53206944,-42.35631111,Precise,73,NA,2048,Ombrophilous forest,No,Pasturelands
sm234,109,Brazil,RJ, Silva Jardim,Fragmento D Fazendas Vale do Cedro e Santa Helena Silva Jardim,-22.52737222,-42.34738611,Precise,266,NA,2048,Ombrophilous forest,No,Pasturelands
sm235,109,Brazil,RJ, Silva Jardim,Corredor C-D Fazendas Vale do Cedro e Santa Helena Silva Jardim,-22.53178611,-42.35105,Precise,1.5,NA,2048,Ombrophilous forest,No,Pasturelands
sm236,110,Brazil,RS,Palmares do Sul,Mata de restinga 1 Lagoa da Porteira Fazenda Marcelina,-30.36526389,-50.34871667,Precise,37,NA,1300,Deciduous forest,No,Grasslands ans Pinus elliottii forest
sm237,110,Brazil,RS,Palmares do Sul,Mata de Pinus 1 Lagoa da Porteira Fazenda Marcelina,-30.38028333,-50.33574167,Precise,17,NA,1300,Deciduous forest,No,Grasslands ans Pinus elliottii forest
sm238,110,Brazil,RS,Palmares do Sul,Mata de restinga 2 Lagoa do Potreirinho Fazenda Duas Lagoas,-30.38915278,-50.34755556,Precise,7,NA,1300,Deciduous forest,No,Grasslands ans Pinus elliottii forest
sm239,110,Brazil,RS,Palmares do Sul,Mata de Pinus 2 Lagoa da Porteira Fazenda Marcelina,-30.38082222,-50.35478611,Precise,34,NA,1300,Deciduous forest,No,Grasslands ans Pinus elliottii forest
sm240,112,Brazil,BA,Una,Área de cabruca Fazenda Jueirana,-15.20638889,-39.16583333,Precise,190,NA,1550,Ombrophilous forest,No,Forest
sm241,113,Brazil,ES,Viana,Coacas município de Viana,-20.37426667,-40.45941944,Precise,216,NA,NA,Ombrophilous forest,No,Forest remnants and banana plantations
sm242,113,Brazil,ES,Viana,Fazenda Boa Baixa município de Viana,-40.456318,-20.391206,Precise,63,NA,NA,Ombrophilous forest,No,Forest remnants and banana plantations
sm243,113,Brazil,ES,Viana,Formate município de Viana,-20.36689444,-40.48321667,Precise,333,NA,NA,Ombrophilous forest,No,Forest remnants and banana plantations
sm244,113,Brazil,ES,Viana,Perobas município de Viana,-20.38443056,-40.44819444,Precise,110,NA,NA,Ombrophilous forest,No,Forest remnants and banana plantations
sm245,113,Brazil,ES,Viana,Pimenta município de Viana,-20.37916667,-40.46833333,Precise,50,NA,NA,Ombrophilous forest,No,Forest remnants and banana plantations
sm246,113,Brazil,ES,Viana,Povoação município de Viana,-20.39327778,-40.43291111,Precise,138,NA,NA,Ombrophilous forest,No,Forest remnants and banana plantations
sm247,113,Brazil,ES,Viana,Ribeira município de Viana,-20.385843,-40.452854,Precise,80,NA,NA,Ombrophilous forest,No,Forest remnants and banana plantations
sm248,114,Brazil,ES,Anchieta,Área de capoeirão Samarco Mineração S.A. Anchieta,-20.774956,-40.602418,Precise,390,NA,NA,Ombrophilous forest,No,Eucalipto plantations pasturelands small native fragments
sm249,114,Brazil,ES,Anchieta,Área de capoeirinha Samarco Mineração S.A. Anchieta,-20.77048,-40.605525,Precise,390,NA,NA,Ombrophilous forest,No,Eucalipto plantations pasturelands small native fragments
sm250,114,Brazil,ES,Anchieta,Área de alagado Samarco Mineração S.A. Anchieta,-20.776389,-40.590658,Precise,390,NA,NA,Ombrophilous forest,No,Eucalipto plantations pasturelands small native fragments
sm251,114,Brazil,ES,Anchieta,Área de vegetação exótica (Leocaena leucocephala) Samarco Mineração S.A. Anchieta,-20.775,-40.59166667,Not-Precise,390,NA,NA,Ombrophilous forest,No,Eucalipto plantations pasturelands small native fragments
sm252,115,Brazil,SC,Timbe do Sul,Barragem do Rio do Salto Timbé do Sul,-28.84298333,-49.76307222,Precise,420,NA,NA,Ombrophilous forest,No,Farming (tobacco corn and rice) Eucalyptus plantations and pasturelands
sm253,115,Brazil,SC,Chapeco,Reserva Indígena Aldeia Condá Chapecó,-27.21666667,-52.56666667,Precise,2253.9,NA,NA,Deciduous forest,No,Secundary forest and capoeira fragments
sm254,115,Brazil,SC,Sideropolis,Barragem do Rio São Bento Siderópolis,-28.621773,-49.587794,Precise,9316,NA,1983,Ombrophilous forest,No,Forest
sm255,116,Brazil,PE,Muçuroca,Diversas localidades no Estado de Pernambuco,-7.874908,-35.066725,Precise,8404,NA,NA,Semideciduous forest,No,Pastures and agriculture
sm256,21,Brazil,BA,Cairu,Fazenda Subau?ma,-13.52531687,-39.03534834,Precise,3446,70,NA,Ombrophilous forest,No,River
sm257,21,Brazil,BA,Nilo Pec?anha  ,Fazenda Sa?o Joa?o,-13.70101,-39.23266611,Precise,914,190,NA,Ombrophilous forest,No,Forest
sm258,21,Brazil,BA,Wenceslau Guimara?es,Estac?a?o Ecolo?gica Nova Esperanc?a,-13.57885252,-39.70672081,Precise,2210,470,NA,Ombrophilous forest,No,Pastures and Agriculture mixed
sm259,21,Brazil,BA,Camamu,Projeto de assentamento Zumbi dos Palmares Faz. Pedra Formosa,-14.01800265,-39.14331956,Precise,7530,120,NA,Ombrophilous forest,No,Pastures
sm260,21,Brazil,BA,Ibirapitanga,Fazenda Pedra formosa,-13.95282263,-39.45117398,Precise,1897,270,NA,Ombrophilous forest,No,Pastures and Agriculture mixed
sm261,21,Brazil,BA,Itamari,Fazenda São Roque,-13.86489774,-39.67267109,Precise,2025,720,NA,Ombrophilous forest,No,Pastures and Agriculture mixed
sm262,21,Brazil,BA,Uruc?uca,Fazenda Caititu,-14.42416018,-39.060451,Precise,10224,140,NA,Ombrophilous forest,No,Agriculture mixed
sm263,21,Brazil,BA,Itacare?,Fazenda Rio Capitão,-14.34358133,-39.08694367,Precise,89,60,NA,Ombrophilous forest,Yes,Pastures and Agriculture mixed
sm264,21,Brazil,BA,Una,RPPN Ecoparque de Una,-15.16645801,-39.05979118,Precise,20128,60,NA,Ombrophilous forest,Yes,Pastures and Agriculture mixed
sm265,21,Brazil,BA,Arataca,Fazenda Orion Serra das Lontras,-15.19722743,-39.39112172,Precise,3135,520,NA,Ombrophilous forest,No,Pastures and Agriculture mixed
sm266,21,Brazil,BA,Jussari,RPPN Serra do Teimoso,-15.15521818,-39.52699019,Precise,2228,250,NA,Ombrophilous forest,Yes,Pastures and Agriculture mixed
sm267,21,Brazil,BA,Una,Reserva Biológica de Una,-15.17197271,-39.06116118,Precise,20128,30,NA,Ombrophilous forest,Yes,Pastures and Agriculture mixed
sm268,21,Brazil,BA,Canavieiras,Fazenda Monte Cristo,-15.61988985,-39.16129992,Precise,220,20,NA,Ombrophilous forest,No,Pastures and Agriculture mixed
sm269,21,Brazil,BA,Belmonte,Fazenda Taquara,-15.97362667,-39.37371651,Precise,2324,170,NA,Ombrophilous forest,No,Pastures and Agriculture mixed
sm270,21,Brazil,BA,Itapebi,Fazenda Palmeiras,-15.92691691,-39.63588308,Precise,3215,290,NA,Ombrophilous forest,No,Pastures and Agriculture mixed
sm271,21,Brazil,BA,Porto Seguro,RPPN Estac?a?o Veracruz,-16.3243541,-39.12103841,Precise,8090,82,NA,Ombrophilous forest,Yes,Pastures and Agriculture mixed Eucalyptus
sm272,21,Brazil,BA,Santa Cruz de Cabra?lia,Mata da Cara Branca Veracel Celulose ,-16.28635659,-39.42411603,Precise,230,110,NA,Ombrophilous forest,No,Eucalyptus
sm273,21,Brazil,BA, Guaratinga,Fazenda Bela Vista,-16.59929415,-39.91401896,Precise,465,320,NA,Ombrophilous forest,No,Pastures and Agriculture mixed
sm274,21,Brazil,BA,Prado,Parque Nacional do Descobrimento ,-17.10670621,-39.33979006,Precise,18126,70,NA,Ombrophilous forest,Yes,Pastures and Agriculture mixed
sm275,21,Brazil,BA,Teixeira de Freitas,Fazenda Alcoprado,-17.29201004,-39.67306776,Precise,574,110,NA,Ombrophilous forest,No,Eucalyptus
sm276,21,Brazil,BA,Itamaraju,Fazenda Princesa do Pajaú,-17.16923531,-39.84181143,Precise,1450,150,NA,Ombrophilous forest,No,Pastures and Agriculture mixed
sm277,21,Brazil,BA,Porto Seguro ,Parque Nacional do Pau Brasil,-16.51221943,-39.30364943,Precise,17629,80,NA,Ombrophilous forest,Yes,Pastures and Agriculture mixed Eucalyptus
sm278,24,Brazil,SP,Cotia,Reserva Florestal do Morro Grande Cotia,-23.744156,-46.996624,Precise,114,1075,1350,Ombrophilous forest,Yes,Forest
sm279,85,Brazil,SP,Cotia,Reserva Florestal do Morro Grande-M1,-23.67196892,-46.96019254,Precise,9400,1100,1515,Ombrophilous forest,Yes,Forest
sm280,85,Brazil,SP,Cotia,Reserva Florestal do Morro Grande-M2,-23.6827885,-46.94924609,Precise,9400,1100,1515,Ombrophilous forest,Yes,Forest
sm281,85,Brazil,SP,Cotia,Reserva Florestal do Morro Grande-M3,-23.71624347,-46.95407762,Precise,9400,1100,1515,Ombrophilous forest,Yes,Forest
sm282,117,Brazil,SC,Florianópolis,Ilha de Ratones Grande SC,-27.476315,-48.56278,Not-Precise,19,34,NA,Ombrophilous forest and Mangroove,Yes,Ocean
sm282,118,Brazil,SC,Florianópolis,Ilha de Ratones Grande SC,-27.476315,-48.56278,Not-Precise,19,34,NA,Ombrophilous forest and Mangroove,Yes,Ocean
sm283,120,Brazil,SC,Florianópolis,Ilha de Santa Catarina,-27.596468,-48.510379,Not-Precise,14,19,NA,Ombrophilous forest,No,Urban Areas
sm284,121,Brazil,SC,Florianópolis,Parque Municipal da Lagoa do Peri Ilha Santa Catarina,-27.596468,-48.510379,Not-Precise,2030,111,NA,Ombrophilous forest,Yes,Urban and small agriculture
sm285,122,Brazil,SC,Florianópolis,Arquipelago de Moleques do Sul Parque Estadual da Serra do Tabuleiro,-27.845925,-48.431207,Not-Precise,9.86,31,188,Ombrophilous forest and Steppe (Campos sulinos),Yes,Ocean
sm286,123,Brazil,SC,Blumenau/Indaial,Parque Natural Municipal Nascentes do Garcia,-27.049444,-49.149167,Not-Precise,5800,732,NA,Ombrophilous forest,Yes,Forest
sm287,124,Brazil,SC,Florianópolis,Unidade de Conservação Ambiental Desterro,-27.527656,-48.5096,Not-Precise,490,211,NA,Ombrophilous forest,Yes,Urban and forest
sm287,124 / 125,Brazil,SC,Florianópolis,Unidade de Conservação Ambiental Desterro,-27.527656,-48.5096,Not-Precise,490,211,NA,Ombrophilous forest,Yes,Urban and forest
sm288,126,Brazil,SC,São Francisco do Sul,Parque Estadual Acarai,-26.262085,-48.530077,Not-Precise,6667,11,NA,Ombrophilous forest and Restinga,Yes,ocean restinga field and urban
sm289,127,Brazil,SC,Benedito novo,Reserva Biologia Estadual do Sassafras,-26.7,-49.666667,Not-Precise,1361,950,1450,Ombrophilous  forest and Auracaria forest,Yes,Forest and field
sm290,128,Brazil,SC,São Francisco do Sul,Parque Estadual Acarai,-26.262085,-48.530077,Not-Precise,667,11,NA,Restinga,Yes,ocean restinga field and urban
sm291,129,Brazil,SC,Agua Doce,P2 - Parque Eolico do Horizonte e Parque Eolico de Agua Doce,-26.568889,-51.671667,Not-Precise,38,1250,NA,Steppe (Campos sulinos),No,Pasture crops and forestry
sm292,129,Brazil,SC,Agua Doce,P3 - Parque Eolico do Horizonte e Parque Eolico de Agua Doce,-26.592778,-51.691389,Not-Precise,25,1250,NA,Steppe (Campos sulinos),No,Pasture crops and forestry
sm293,129,Brazil,SC,Agua Doce,P4 - Parque Eolico do Horizonte e Parque Eolico de Agua Doce,-26.582222,-51.712222,Not-Precise,40,1250,NA,Steppe (Campos sulinos),No,Pasture crops and forestry
sm294,130,Brazil,SC,Florianópolis,Arquipelago de Moleques do Sul Parque Estadual da Serra do Tabuleiro,-27.845925,-48.431207,Not-Precise,9.86,31,NA,Ombrophilous forest and Steppe (Campos sulinos),Yes,Ocean
sm295,131,Brazil,BA,Belmonte,Belmonte 1,-16.019656,-38.926193,Not-Precise,20,3,NA,Restinga,No,Ocean pasture and crops
sm296,131,Brazil,BA,Belmonte,Belmonte 2,-16.01722,-38.942252,Not-Precise,18,37,NA,Ombrophilous forest,No,Ocean pasture and crops
sm297,132,Brazil,AL,Coruripe,Coruripe 1,-10.139114,-36.179697,Not-Precise,15,29,NA,Ombrophilous forest,No,Sugarcane plantations
sm298,132,Brazil,AL,Coruripe,Coruripe 2,-10.124796,-30.14532,Not-Precise,18,39,NA,Ombrophilous forest,No,Sugarcane plantations
sm299,133,Paraguay,Canideyú,NA,Mbaracayú Natural Forest Reserve,-24.149,-55.432,Not-Precise,95758,NA,NA,Semideciduous forest,Yes,Forest
sm300,133,Paraguay,Itapúa,NA,San Rafael Managed Resource Reserve,-26.459,-55.758,Not-Precise,77351,NA,NA,Semideciduous forest,Yes,Forest
sm301,133,Paraguay,Caaguazú,NA,Morombí Natural Private Reserve,-24.538,-55.351,Not-Precise,18721,NA,NA,Semideciduous forest,Yes,Forest
sm302,133,Paraguay,Alto Paraná,NA,Limoy Biological Reserve,-24.816,-54.467,Not-Precise,16000,NA,NA,Semideciduous forest,Yes,Forest
sm303,134,Brazil,RJ,Mangaratiba,Reserva Particular do Patrimônio Natural Rio das Pedras,-22.983333,-44.083333,Not-Precise,1360,700,NA,Ombrophilous forest,Yes,Forest
sm304,135,Brazil,RS,Venâncio Aires,Venâncio Aires,-29.583333,-52.2,Not-Precise,NA,50,1700,Deciduous forest,Yes,Mosaic of vegetation types prevailing crop fields
sm305,119,Brazil,SC,Florianopolis,Parque Municipal da Lagoa do Peri Ilha Santa Catarina,-27.596468,-48.510379,Not-Precise,2030,111,NA,Ombrophilous forest,Yes,Urban and small agriculture
,,,,,,,,,,,,,,
,,,,,,,,,,,,,,
,,,,,,,,,,,,,,
,,,,,,,,,,,,,,
,,,,,,,,,,,,,,
,,,,,,,,,,,,,,
,,,,,,,,,,,,,,
,,,,,,,,,,,,,,
,,,,,,,,,,,,,,
,,,,,,,,,,,,,,
,,,,,,,,,,,,,,
,,,,,,,,,,,,,,
,,,,,,,,,,,,,,
,,,,,,,,,,,,,,
,,,,,,,,,,,,,,
,,,,,,,,,,,,,,
,,,,,,,,,,,,,,
,,,,,,,,,,,,,,
,,,,,,,,,,,,,,
,,,,,,,,,,,,,,
,,,,,,,,,,,,,,
,,,,,,,,,,,,,,
,,,,,,,,,,,,,,
,,,,,,,,,,,,,,
,,,,,,,,,,,,,,
,,,,,,,,,,,,,,
,,,,,,,,,,,,,,
,,,,,,,,,,,,,,
,,,,,,,,,,,,,,
,,,,,,,,,,,,,,
,,,,,,,,,,,,,,
,,,,,,,,,,,,,,
,,,,,,,,,,,,,,
,,,,,,,,,,,,,,
,,,,,,,,,,,,,,
,,,,,,,,,,,,,,
,,,,,,,,,,,,,,
,,,,,,,,,,,,,,
,,,,,,,,,,,,,,
,,,,,,,,,,,,,,
,,,,,,,,,,,,,,
,,,,,,,,,,,,,,
,,,,,,,,,,,,,,
,,,,,,,,,,,,,,
,,,,,,,,,,,,,,
,,,,,,,,,,,,,,
,,,,,,,,,,,,,,
,,,,,,,,,,,,,,
,,,,,,,,,,,,,,
,,,,,,,,,,,,,,
,,,,,,,,,,,,,,
,,,,,,,,,,,,,,
,,,,,,,,,,,,,,
,,,,,,,,,,,,,,
,,,,,,,,,,,,,,
,,,,,,,,,,,,,,
,,,,,,,,,,,,,,
,,,,,,,,,,,,,,
,,,,,,,,,,,,,,
,,,,,,,,,,,,,,
,,,,,,,,,,,,,,
,,,,,,,,,,,,,,
,,,,,,,,,,,,,,
,,,,,,,,,,,,,,
,,,,,,,,,,,,,,
,,,,,,,,,,,,,,
,,,,,,,,,,,,,,
,,,,,,,,,,,,,,
,,,,,,,,,,,,,,
,,,,,,,,,,,,,,
,,,,,,,,,,,,,,
,,,,,,,,,,,,,,
,,,,,,,,,,,,,,
,,,,,,,,,,,,,,
,,,,,,,,,,,,,,
,,,,,,,,,,,,,,
,,,,,,,,,,,,,,
,,,,,,,,,,,,,,
,,,,,,,,,,,,,,
,,,,,,,,,,,,,,
,,,,,,,,,,,,,,
,,,,,,,,,,,,,,
,,,,,,,,,,,,,,
,,,,,,,,,,,,,,
,,,,,,,,,,,,,,
,,,,,,,,,,,,,,
,,,,,,,,,,,,,,
,,,,,,,,,,,,,,
,,,,,,,,,,,,,,
,,,,,,,,,,,,,,
,,,,,,,,,,,,,,
,,,,,,,,,,,,,,
,,,,,,,,,,,,,,
,,,,,,,,,,,,,,
,,,,,,,,,,,,,,
,,,,,,,,,,,,,,
,,,,,,,,,,,,,,
,,,,,,,,,,,,,,
,,,,,,,,,,,,,,
,,,,,,,,,,,,,,
,,,,,,,,,,,,,,
,,,,,,,,,,,,,,
,,,,,,,,,,,,,,
,,,,,,,,,,,,,,
,,,,,,,,,,,,,,
,,,,,,,,,,,,,,
,,,,,,,,,,,,,,
,,,,,,,,,,,,,,
,,,,,,,,,,,,,,
,,,,,,,,,,,,,,
,,,,,,,,,,,,,,
,,,,,,,,,,,,,,
,,,,,,,,,,,,,,
,,,,,,,,,,,,,,
,,,,,,,,,,,,,,
,,,,,,,,,,,,,,
,,,,,,,,,,,,,,
,,,,,,,,,,,,,,
,,,,,,,,,,,,,,
,,,,,,,,,,,,,,
,,,,,,,,,,,,,,
,,,,,,,,,,,,,,
,,,,,,,,,,,,,,
,,,,,,,,,,,,,,
,,,,,,,,,,,,,,
,,,,,,,,,,,,,,
,,,,,,,,,,,,,,
,,,,,,,,,,,,,,
,,,,,,,,,,,,,,
,,,,,,,,,,,,,,
,,,,,,,,,,,,,,
,,,,,,,,,,,,,,
,,,,,,,,,,,,,,
,,,,,,,,,,,,,,
,,,,,,,,,,,,,,
,,,,,,,,,,,,,,
,,,,,,,,,,,,,,
,,,,,,,,,,,,,,
,,,,,,,,,,,,,,
,,,,,,,,,,,,,,
,,,,,,,,,,,,,,
,,,,,,,,,,,,,,
,,,,,,,,,,,,,,
,,,,,,,,,,,,,,
,,,,,,,,,,,,,,
,,,,,,,,,,,,,,
,,,,,,,,,,,,,,
,,,,,,,,,,,,,,
,,,,,,,,,,,,,,
,,,,,,,,,,,,,,
,,,,,,,,,,,,,,
,,,,,,,,,,,,,,
,,,,,,,,,,,,,,
,,,,,,,,,,,,,,
,,,,,,,,,,,,,,
,,,,,,,,,,,,,,
,,,,,,,,,,,,,,
,,,,,,,,,,,,,,
,,,,,,,,,,,,,,
,,,,,,,,,,,,,,
,,,,,,,,,,,,,,
,,,,,,,,,,,,,,
,,,,,,,,,,,,,,
,,,,,,,,,,,,,,
,,,,,,,,,,,,,,
,,,,,,,,,,,,,,
,,,,,,,,,,,,,,
,,,,,,,,,,,,,,
,,,,,,,,,,,,,,
,,,,,,,,,,,,,,
,,,,,,,,,,,,,,
,,,,,,,,,,,,,,
,,,,,,,,,,,,,,
,,,,,,,,,,,,,,
,,,,,,,,,,,,,,
,,,,,,,,,,,,,,
,,,,,,,,,,,,,,
,,,,,,,,,,,,,,
,,,,,,,,,,,,,,
,,,,,,,,,,,,,,
,,,,,,,,,,,,,,
,,,,,,,,,,,,,,
,,,,,,,,,,,,,,
,,,,,,,,,,,,,,
,,,,,,,,,,,,,,
,,,,,,,,,,,,,,
,,,,,,,,,,,,,,
,,,,,,,,,,,,,,
,,,,,,,,,,,,,,
,,,,,,,,,,,,,,
,,,,,,,,,,,,,,
,,,,,,,,,,,,,,
,,,,,,,,,,,,,,
,,,,,,,,,,,,,,
,,,,,,,,,,,,,,
,,,,,,,,,,,,,,
,,,,,,,,,,,,,,
,,,,,,,,,,,,,,
,,,,,,,,,,,,,,
,,,,,,,,,,,,,,
,,,,,,,,,,,,,,
,,,,,,,,,,,,,,
,,,,,,,,,,,,,,
,,,,,,,,,,,,,,
,,,,,,,,,,,,,,
,,,,,,,,,,,,,,
,,,,,,,,,,,,,,
,,,,,,,,,,,,,,
,,,,,,,,,,,,,,
,,,,,,,,,,,,,,
,,,,,,,,,,,,,,
,,,,,,,,,,,,,,
,,,,,,,,,,,,,,
,,,,,,,,,,,,,,
,,,,,,,,,,,,,,
,,,,,,,,,,,,,,
,,,,,,,,,,,,,,
,,,,,,,,,,,,,,
,,,,,,,,,,,,,,
,,,,,,,,,,,,,,
,,,,,,,,,,,,,,
,,,,,,,,,,,,,,
,,,,,,,,,,,,,,
,,,,,,,,,,,,,,
,,,,,,,,,,,,,,
,,,,,,,,,,,,,,
,,,,,,,,,,,,,,
,,,,,,,,,,,,,,
,,,,,,,,,,,,,,
,,,,,,,,,,,,,,
,,,,,,,,,,,,,,
,,,,,,,,,,,,,,
,,,,,,,,,,,,,,
,,,,,,,,,,,,,,
,,,,,,,,,,,,,,
,,,,,,,,,,,,,,
,,,,,,,,,,,,,,
,,,,,,,,,,,,,,
,,,,,,,,,,,,,,
,,,,,,,,,,,,,,
,,,,,,,,,,,,,,
,,,,,,,,,,,,,,
,,,,,,,,,,,,,,
,,,,,,,,,,,,,,
,,,,,,,,,,,,,,
,,,,,,,,,,,,,,
,,,,,,,,,,,,,,
,,,,,,,,,,,,,,
,,,,,,,,,,,,,,
,,,,,,,,,,,,,,
,,,,,,,,,,,,,,
,,,,,,,,,,,,,,
,,,,,,,,,,,,,,
,,,,,,,,,,,,,,
,,,,,,,,,,,,,,
,,,,,,,,,,,,,,
,,,,,,,,,,,,,,
,,,,,,,,,,,,,,
,,,,,,,,,,,,,,
,,,,,,,,,,,,,,
,,,,,,,,,,,,,,
,,,,,,,,,,,,,,
,,,,,,,,,,,,,,
,,,,,,,,,,,,,,
,,,,,,,,,,,,,,
,,,,,,,,,,,,,,
,,,,,,,,,,,,,,
,,,,,,,,,,,,,,
,,,,,,,,,,,,,,
,,,,,,,,,,,,,,
,,,,,,,,,,,,,,
,,,,,,,,,,,,,,
,,,,,,,,,,,,,,
,,,,,,,,,,,,,,
,,,,,,,,,,,,,,
,,,,,,,,,,,,,,
,,,,,,,,,,,,,,
,,,,,,,,,,,,,,
,,,,,,,,,,,,,,
,,,,,,,,,,,,,,
,,,,,,,,,,,,,,
,,,,,,,,,,,,,,
,,,,,,,,,,,,,,
,,,,,,,,,,,,,,
,,,,,,,,,,,,,,
,,,,,,,,,,,,,,
,,,,,,,,,,,,,,
,,,,,,,,,,,,,,
,,,,,,,,,,,,,,
,,,,,,,,,,,,,,
,,,,,,,,,,,,,,
,,,,,,,,,,,,,,
,,,,,,,,,,,,,,
,,,,,,,,,,,,,,
,,,,,,,,,,,,,,
,,,,,,,,,,,,,,
,,,,,,,,,,,,,,
,,,,,,,,,,,,,,
,,,,,,,,,,,,,,
,,,,,,,,,,,,,,
,,,,,,,,,,,,,,
,,,,,,,,,,,,,,
,,,,,,,,,,,,,,
,,,,,,,,,,,,,,
,,,,,,,,,,,,,,
,,,,,,,,,,,,,,
,,,,,,,,,,,,,,
,,,,,,,,,,,,,,
,,,,,,,,,,,,,,
,,,,,,,,,,,,,,
,,,,,,,,,,,,,,
,,,,,,,,,,,,,,
,,,,,,,,,,,,,,
,,,,,,,,,,,,,,
,,,,,,,,,,,,,,
,,,,,,,,,,,,,,
,,,,,,,,,,,,,,
,,,,,,,,,,,,,,
,,,,,,,,,,,,,,
,,,,,,,,,,,,,,
,,,,,,,,,,,,,,
,,,,,,,,,,,,,,
,,,,,,,,,,,,,,
,,,,,,,,,,,,,,
,,,,,,,,,,,,,,
,,,,,,,,,,,,,,
,,,,,,,,,,,,,,
,,,,,,,,,,,,,,
,,,,,,,,,,,,,,
,,,,,,,,,,,,,,
,,,,,,,,,,,,,,
,,,,,,,,,,,,,,
,,,,,,,,,,,,,,
,,,,,,,,,,,,,,
,,,,,,,,,,,,,,
,,,,,,,,,,,,,,
,,,,,,,,,,,,,,
,,,,,,,,,,,,,,
,,,,,,,,,,,,,,
,,,,,,,,,,,,,,
,,,,,,,,,,,,,,
,,,,,,,,,,,,,,
,,,,,,,,,,,,,,
,,,,,,,,,,,,,,
,,,,,,,,,,,,,,
,,,,,,,,,,,,,,
,,,,,,,,,,,,,,
,,,,,,,,,,,,,,
,,,,,,,,,,,,,,
,,,,,,,,,,,,,,
,,,,,,,,,,,,,,
,,,,,,,,,,,,,,
,,,,,,,,,,,,,,
,,,,,,,,,,,,,,
,,,,,,,,,,,,,,
,,,,,,,,,,,,,,
,,,,,,,,,,,,,,
,,,,,,,,,,,,,,
,,,,,,,,,,,,,,
,,,,,,,,,,,,,,
,,,,,,,,,,,,,,
,,,,,,,,,,,,,,
,,,,,,,,,,,,,,
,,,,,,,,,,,,,,
,,,,,,,,,,,,,,
,,,,,,,,,,,,,,
,,,,,,,,,,,,,,
,,,,,,,,,,,,,,
,,,,,,,,,,,,,,
,,,,,,,,,,,,,,
,,,,,,,,,,,,,,
,,,,,,,,,,,,,,
,,,,,,,,,,,,,,
,,,,,,,,,,,,,,
,,,,,,,,,,,,,,
,,,,,,,,,,,,,,
,,,,,,,,,,,,,,
,,,,,,,,,,,,,,
,,,,,,,,,,,,,,
,,,,,,,,,,,,,,
,,,,,,,,,,,,,,
,,,,,,,,,,,,,,
,,,,,,,,,,,,,,
,,,,,,,,,,,,,,
,,,,,,,,,,,,,,
,,,,,,,,,,,,,,
,,,,,,,,,,,,,,
,,,,,,,,,,,,,,
,,,,,,,,,,,,,,
,,,,,,,,,,,,,,
,,,,,,,,,,,,,,
,,,,,,,,,,,,,,
,,,,,,,,,,,,,,
,,,,,,,,,,,,,,
,,,,,,,,,,,,,,
,,,,,,,,,,,,,,
,,,,,,,,,,,,,,
,,,,,,,,,,,,,,
,,,,,,,,,,,,,,
,,,,,,,,,,,,,,
,,,,,,,,,,,,,,
,,,,,,,,,,,,,,
,,,,,,,,,,,,,,
,,,,,,,,,,,,,,
,,,,,,,,,,,,,,
,,,,,,,,,,,,,,
,,,,,,,,,,,,,,
,,,,,,,,,,,,,,
,,,,,,,,,,,,,,
,,,,,,,,,,,,,,
,,,,,,,,,,,,,,
,,,,,,,,,,,,,,
,,,,,,,,,,,,,,
,,,,,,,,,,,,,,
,,,,,,,,,,,,,,
,,,,,,,,,,,,,,
,,,,,,,,,,,,,,
,,,,,,,,,,,,,,
,,,,,,,,,,,,,,
,,,,,,,,,,,,,,
,,,,,,,,,,,,,,
,,,,,,,,,,,,,,
,,,,,,,,,,,,,,
,,,,,,,,,,,,,,
,,,,,,,,,,,,,,
,,,,,,,,,,,,,,
,,,,,,,,,,,,,,
,,,,,,,,,,,,,,
,,,,,,,,,,,,,,
,,,,,,,,,,,,,,
,,,,,,,,,,,,,,
,,,,,,,,,,,,,,
,,,,,,,,,,,,,,
,,,,,,,,,,,,,,
,,,,,,,,,,,,,,
,,,,,,,,,,,,,,
,,,,,,,,,,,,,,
,,,,,,,,,,,,,,
,,,,,,,,,,,,,,
,,,,,,,,,,,,,,
,,,,,,,,,,,,,,
,,,,,,,,,,,,,,
,,,,,,,,,,,,,,
,,,,,,,,,,,,,,
,,,,,,,,,,,,,,
,,,,,,,,,,,,,,
,,,,,,,,,,,,,,
,,,,,,,,,,,,,,
,,,,,,,,,,,,,,
,,,,,,,,,,,,,,
,,,,,,,,,,,,,,
,,,,,,,,,,,,,,
,,,,,,,,,,,,,,
,,,,,,,,,,,,,,
,,,,,,,,,,,,,,
,,,,,,,,,,,,,,
,,,,,,,,,,,,,,
,,,,,,,,,,,,,,
,,,,,,,,,,,,,,
,,,,,,,,,,,,,,
,,,,,,,,,,,,,,
,,,,,,,,,,,,,,
,,,,,,,,,,,,,,
,,,,,,,,,,,,,,
,,,,,,,,,,,,,,
,,,,,,,,,,,,,,
,,,,,,,,,,,,,,
,,,,,,,,,,,,,,
,,,,,,,,,,,,,,
,,,,,,,,,,,,,,
,,,,,,,,,,,,,,
,,,,,,,,,,,,,,
,,,,,,,,,,,,,,
,,,,,,,,,,,,,,
,,,,,,,,,,,,,,
,,,,,,,,,,,,,,
,,,,,,,,,,,,,,
,,,,,,,,,,,,,,
,,,,,,,,,,,,,,
,,,,,,,,,,,,,,
,,,,,,,,,,,,,,
,,,,,,,,,,,,,,
,,,,,,,,,,,,,,
,,,,,,,,,,,,,,
,,,,,,,,,,,,,,
,,,,,,,,,,,,,,
,,,,,,,,,,,,,,
,,,,,,,,,,,,,,
,,,,,,,,,,,,,,
,,,,,,,,,,,,,,
,,,,,,,,,,,,,,
,,,,,,,,,,,,,,
,,,,,,,,,,,,,,
,,,,,,,,,,,,,,
,,,,,,,,,,,,,,
,,,,,,,,,,,,,,
,,,,,,,,,,,,,,
,,,,,,,,,,,,,,
,,,,,,,,,,,,,,
,,,,,,,,,,,,,,
,,,,,,,,,,,,,,
,,,,,,,,,,,,,,
,,,,,,,,,,,,,,
,,,,,,,,,,,,,,
,,,,,,,,,,,,,,
,,,,,,,,,,,,,,
,,,,,,,,,,,,,,
,,,,,,,,,,,,,,
,,,,,,,,,,,,,,
,,,,,,,,,,,,,,
,,,,,,,,,,,,,,
,,,,,,,,,,,,,,
,,,,,,,,,,,,,,
,,,,,,,,,,,,,,
,,,,,,,,,,,,,,
,,,,,,,,,,,,,,
,,,,,,,,,,,,,,
,,,,,,,,,,,,,,
,,,,,,,,,,,,,,
,,,,,,,,,,,,,,
,,,,,,,,,,,,,,
,,,,,,,,,,,,,,
,,,,,,,,,,,,,,
,,,,,,,,,,,,,,
,,,,,,,,,,,,,,
,,,,,,,,,,,,,,
,,,,,,,,,,,,,,
,,,,,,,,,,,,,,
,,,,,,,,,,,,,,
,,,,,,,,,,,,,,
,,,,,,,,,,,,,,
,,,,,,,,,,,,,,
,,,,,,,,,,,,,,
,,,,,,,,,,,,,,
,,,,,,,,,,,,,,
,,,,,,,,,,,,,,
,,,,,,,,,,,,,,
,,,,,,,,,,,,,,
,,,,,,,,,,,,,,
,,,,,,,,,,,,,,
,,,,,,,,,,,,,,
,,,,,,,,,,,,,,
,,,,,,,,,,,,,,
,,,,,,,,,,,,,,
,,,,,,,,,,,,,,
,,,,,,,,,,,,,,
,,,,,,,,,,,,,,
,,,,,,,,,,,,,,
,,,,,,,,,,,,,,
,,,,,,,,,,,,,,
,,,,,,,,,,,,,,
,,,,,,,,,,,,,,
,,,,,,,,,,,,,,
,,,,,,,,,,,,,,
,,,,,,,,,,,,,,
,,,,,,,,,,,,,,
,,,,,,,,,,,,,,
,,,,,,,,,,,,,,
,,,,,,,,,,,,,,
,,,,,,,,,,,,,,
,,,,,,,,,,,,,,
,,,,,,,,,,,,,,
,,,,,,,,,,,,,,
,,,,,,,,,,,,,,
,,,,,,,,,,,,,,
,,,,,,,,,,,,,,
,,,,,,,,,,,,,,
,,,,,,,,,,,,,,
,,,,,,,,,,,,,,
,,,,,,,,,,,,,,
,,,,,,,,,,,,,,
,,,,,,,,,,,,,,
,,,,,,,,,,,,,,
,,,,,,,,,,,,,,
,,,,,,,,,,,,,,
,,,,,,,,,,,,,,
,,,,,,,,,,,,,,
,,,,,,,,,,,,,,
,,,,,,,,,,,,,,
,,,,,,,,,,,,,,
,,,,,,,,,,,,,,
,,,,,,,,,,,,,,
,,,,,,,,,,,,,,
,,,,,,,,,,,,,,
,,,,,,,,,,,,,,
,,,,,,,,,,,,,,
,,,,,,,,,,,,,,
,,,,,,,,,,,,,,
,,,,,,,,,,,,,,
,,,,,,,,,,,,,,
,,,,,,,,,,,,,,
,,,,,,,,,,,,,,
,,,,,,,,,,,,,,
,,,,,,,,,,,,,,
,,,,,,,,,,,,,,
,,,,,,,,,,,,,,
,,,,,,,,,,,,,,
,,,,,,,,,,,,,,
,,,,,,,,,,,,,,
,,,,,,,,,,,,,,
,,,,,,,,,,,,,,
,,,,,,,,,,,,,,
,,,,,,,,,,,,,,
,,,,,,,,,,,,,,
,,,,,,,,,,,,,,
,,,,,,,,,,,,,,
,,,,,,,,,,,,,,
,,,,,,,,,,,,,,
,,,,,,,,,,,,,,
,,,,,,,,,,,,,,
,,,,,,,,,,,,,,
,,,,,,,,,,,,,,
,,,,,,,,,,,,,,
,,,,,,,,,,,,,,
,,,,,,,,,,,,,,
,,,,,,,,,,,,,,
,,,,,,,,,,,,,,
,,,,,,,,,,,,,,
,,,,,,,,,,,,,,
,,,,,,,,,,,,,,
,,,,,,,,,,,,,,
,,,,,,,,,,,,,,
,,,,,,,,,,,,,,
,,,,,,,,,,,,,,
,,,,,,,,,,,,,,
,,,,,,,,,,,,,,
,,,,,,,,,,,,,,
,,,,,,,,,,,,,,
,,,,,,,,,,,,,,
,,,,,,,,,,,,,,
,,,,,,,,,,,,,,
,,,,,,,,,,,,,,
,,,,,,,,,,,,,,
,,,,,,,,,,,,,,
,,,,,,,,,,,,,,
,,,,,,,,,,,,,,
,,,,,,,,,,,,,,
,,,,,,,,,,,,,,
,,,,,,,,,,,,,,
,,,,,,,,,,,,,,
,,,,,,,,,,,,,,
,,,,,,,,,,,,,,
,,,,,,,,,,,,,,
,,,,,,,,,,,,,,
,,,,,,,,,,,,,,
,,,,,,,,,,,,,,
,,,,,,,,,,,,,,
,,,,,,,,,,,,,,
,,,,,,,,,,,,,,
,,,,,,,,,,,,,,
,,,,,,,,,,,,,,
,,,,,,,,,,,,,,
,,,,,,,,,,,,,,
,,,,,,,,,,,,,,
,,,,,,,,,,,,,,
,,,,,,,,,,,,,,
,,,,,,,,,,,,,,
,,,,,,,,,,,,,,
,,,,,,,,,,,,,,
,,,,,,,,,,,,,,
,,,,,,,,,,,,,,
,,,,,,,,,,,,,,
,,,,,,,,,,,,,,
,,,,,,,,,,,,,,
,,,,,,,,,,,,,,
,,,,,,,,,,,,,,
,,,,,,,,,,,,,,
,,,,,,,,,,,,,,
,,,,,,,,,,,,,,
,,,,,,,,,,,,,,
,,,,,,,,,,,,,,
,,,,,,,,,,,,,,
,,,,,,,,,,,,,,
,,,,,,,,,,,,,,
,,,,,,,,,,,,,,
,,,,,,,,,,,,,,
,,,,,,,,,,,,,,
,,,,,,,,,,,,,,
,,,,,,,,,,,,,,
,,,,,,,,,,,,,,
,,,,,,,,,,,,,,
,,,,,,,,,,,,,,
,,,,,,,,,,,,,,
,,,,,,,,,,,,,,
,,,,,,,,,,,,,,
,,,,,,,,,,,,,,
,,,,,,,,,,,,,,
,,,,,,,,,,,,,,
,,,,,,,,,,,,,,
,,,,,,,,,,,,,,
,,,,,,,,,,,,,,
,,,,,,,,,,,,,,
,,,,,,,,,,,,,,
,,,,,,,,,,,,,,
,,,,,,,,,,,,,,
,,,,,,,,,,,,,,
,,,,,,,,,,,,,,
,,,,,,,,,,,,,,
,,,,,,,,,,,,,,
,,,,,,,,,,,,,,
,,,,,,,,,,,,,,
,,,,,,,,,,,,,,
,,,,,,,,,,,,,,
,,,,,,,,,,,,,,
,,,,,,,,,,,,,,
,,,,,,,,,,,,,,
,,,,,,,,,,,,,,
,,,,,,,,,,,,,,
,,,,,,,,,,,,,,
,,,,,,,,,,,,,,
,,,,,,,,,,,,,,
,,,,,,,,,,,,,,
,,,,,,,,,,,,,,
,,,,,,,,,,,,,,
,,,,,,,,,,,,,,
,,,,,,,,,,,,,,
,,,,,,,,,,,,,,
,,,,,,,,,,,,,,
,,,,,,,,,,,,,,
,,,,,,,,,,,,,,
,,,,,,,,,,,,,,
,,,,,,,,,,,,,,
,,,,,,,,,,,,,,
,,,,,,,,,,,,,,
,,,,,,,,,,,,,,
,,,,,,,,,,,,,,
,,,,,,,,,,,,,,
,,,,,,,,,,,,,,
,,,,,,,,,,,,,,
,,,,,,,,,,,,,,
,,,,,,,,,,,,,,
,,,,,,,,,,,,,,
,,,,,,,,,,,,,,
,,,,,,,,,,,,,,
,,,,,,,,,,,,,,
,,,,,,,,,,,,,,
,,,,,,,,,,,,,,
,,,,,,,,,,,,,,
,,,,,,,,,,,,,,
,,,,,,,,,,,,,,
,,,,,,,,,,,,,,
,,,,,,,,,,,,,,
,,,,,,,,,,,,,,
,,,,,,,,,,,,,,
,,,,,,,,,,,,,,
,,,,,,,,,,,,,,
,,,,,,,,,,,,,,
,,,,,,,,,,,,,,
,,,,,,,,,,,,,,
,,,,,,,,,,,,,,
,,,,,,,,,,,,,,
,,,,,,,,,,,,,,
,,,,,,,,,,,,,,
,,,,,,,,,,,,,,
,,,,,,,,,,,,,,
,,,,,,,,,,,,,,
,,,,,,,,,,,,,,
,,,,,,,,,,,,,,
,,,,,,,,,,,,,,
,,,,,,,,,,,,,,
,,,,,,,,,,,,,,
,,,,,,,,,,,,,,
,,,,,,,,,,,,,,
,,,,,,,,,,,,,,
,,,,,,,,,,,,,,
,,,,,,,,,,,,,,
,,,,,,,,,,,,,,
,,,,,,,,,,,,,,
,,,,,,,,,,,,,,
,,,,,,,,,,,,,,
,,,,,,,,,,,,,,
,,,,,,,,,,,,,,
,,,,,,,,,,,,,,
,,,,,,,,,,,,,,
,,,,,,,,,,,,,,
,,,,,,,,,,,,,,
,,,,,,,,,,,,,,
,,,,,,,,,,,,,,
,,,,,,,,,,,,,,
,,,,,,,,,,,,,,
,,,,,,,,,,,,,,
,,,,,,,,,,,,,,
,,,,,,,,,,,,,,
,,,,,,,,,,,,,,
,,,,,,,,,,,,,,
,,,,,,,,,,,,,,
,,,,,,,,,,,,,,
,,,,,,,,,,,,,,
,,,,,,,,,,,,,,
,,,,,,,,,,,,,,
,,,,,,,,,,,,,,
,,,,,,,,,,,,,,
,,,,,,,,,,,,,,
,,,,,,,,,,,,,,
,,,,,,,,,,,,,,
,,,,,,,,,,,,,,
,,,,,,,,,,,,,,
,,,,,,,,,,,,,,
,,,,,,,,,,,,,,
,,,,,,,,,,,,,,
,,,,,,,,,,,,,,
,,,,,,,,,,,,,,
,,,,,,,,,,,,,,
,,,,,,,,,,,,,,
,,,,,,,,,,,,,,
,,,,,,,,,,,,,,
,,,,,,,,,,,,,,
,,,,,,,,,,,,,,
,,,,,,,,,,,,,,
,,,,,,,,,,,,,,
,,,,,,,,,,,,,,
,,,,,,,,,,,,,,
,,,,,,,,,,,,,,
,,,,,,,,,,,,,,
,,,,,,,,,,,,,,
,,,,,,,,,,,,,,
,,,,,,,,,,,,,,
,,,,,,,,,,,,,,
,,,,,,,,,,,,,,
,,,,,,,,,,,,,,
,,,,,,,,,,,,,,
,,,,,,,,,,,,,,
,,,,,,,,,,,,,,
,,,,,,,,,,,,,,
,,,,,,,,,,,,,,
,,,,,,,,,,,,,,
,,,,,,,,,,,,,,
,,,,,,,,,,,,,,
,,,,,,,,,,,,,,
,,,,,,,,,,,,,,
,,,,,,,,,,,,,,
,,,,,,,,,,,,,,
,,,,,,,,,,,,,,
,,,,,,,,,,,,,,
,,,,,,,,,,,,,,
,,,,,,,,,,,,,,
,,,,,,,,,,,,,,
,,,,,,,,,,,,,,
,,,,,,,,,,,,,,
,,,,,,,,,,,,,,
,,,,,,,,,,,,,,
,,,,,,,,,,,,,,
,,,,,,,,,,,,,,
,,,,,,,,,,,,,,
,,,,,,,,,,,,,,
,,,,,,,,,,,,,,
,,,,,,,,,,,,,,
,,,,,,,,,,,,,,
,,,,,,,,,,,,,,
,,,,,,,,,,,,,,
,,,,,,,,,,,,,,
,,,,,,,,,,,,,,
,,,,,,,,,,,,,,
,,,,,,,,,,,,,,
,,,,,,,,,,,,,,
,,,,,,,,,,,,,,
,,,,,,,,,,,,,,
,,,,,,,,,,,,,,
,,,,,,,,,,,,,,
,,,,,,,,,,,,,,
,,,,,,,,,,,,,,
,,,,,,,,,,,,,,
,,,,,,,,,,,,,,
,,,,,,,,,,,,,,
,,,,,,,,,,,,,,
,,,,,,,,,,,,,,
,,,,,,,,,,,,,,
,,,,,,,,,,,,,,
,,,,,,,,,,,,,,
,,,,,,,,,,,,,,
,,,,,,,,,,,,,,
,,,,,,,,,,,,,,
,,,,,,,,,,,,,,
,,,,,,,,,,,,,,
,,,,,,,,,,,,,,
,,,,,,,,,,,,,,
,,,,,,,,,,,,,,
,,,,,,,,,,,,,,
,,,,,,,,,,,,,,
,,,,,,,,,,,,,,
,,,,,,,,,,,,,,
,,,,,,,,,,,,,,
,,,,,,,,,,,,,,
,,,,,,,,,,,,,,
,,,,,,,,,,,,,,
,,,,,,,,,,,,,,
,,,,,,,,,,,,,,
,,,,,,,,,,,,,,
,,,,,,,,,,,,,,
,,,,,,,,,,,,,,
,,,,,,,,,,,,,,
,,,,,,,,,,,,,,
,,,,,,,,,,,,,,
,,,,,,,,,,,,,,
,,,,,,,,,,,,,,
,,,,,,,,,,,,,,
,,,,,,,,,,,,,,
,,,,,,,,,,,,,,
,,,,,,,,,,,,,,
,,,,,,,,,,,,,,
,,,,,,,,,,,,,,
,,,,,,,,,,,,,,
,,,,,,,,,,,,,,
,,,,,,,,,,,,,,
,,,,,,,,,,,,,,
,,,,,,,,,,,,,,
,,,,,,,,,,,,,,
,,,,,,,,,,,,,,
,,,,,,,,,,,,,,
,,,,,,,,,,,,,,
,,,,,,,,,,,,,,
,,,,,,,,,,,,,,
,,,,,,,,,,,,,,
,,,,,,,,,,,,,,
,,,,,,,,,,,,,,
,,,,,,,,,,,,,,
,,,,,,,,,,,,,,
,,,,,,,,,,,,,,
,,,,,,,,,,,,,,
,,,,,,,,,,,,,,
,,,,,,,,,,,,,,
,,,,,,,,,,,,,,
,,,,,,,,,,,,,,
,,,,,,,,,,,,,,
,,,,,,,,,,,,,,
,,,,,,,,,,,,,,
,,,,,,,,,,,,,,
,,,,,,,,,,,,,,
,,,,,,,,,,,,,,
,,,,,,,,,,,,,,
,,,,,,,,,,,,,,
,,,,,,,,,,,,,,
,,,,,,,,,,,,,,
,,,,,,,,,,,,,,
,,,,,,,,,,,,,,
,,,,,,,,,,,,,,
,,,,,,,,,,,,,,
,,,,,,,,,,,,,,
,,,,,,,,,,,,,,
,,,,,,,,,,,,,,
,,,,,,,,,,,,,,
,,,,,,,,,,,,,,
,,,,,,,,,,,,,,
,,,,,,,,,,,,,,
,,,,,,,,,,,,,,
,,,,,,,,,,,,,,
,,,,,,,,,,,,,,
,,,,,,,,,,,,,,
,,,,,,,,,,,,,,
,,,,,,,,,,,,,,
,,,,,,,,,,,,,,
,,,,,,,,,,,,,,
,,,,,,,,,,,,,,
,,,,,,,,,,,,,,
,,,,,,,,,,,,,,
,,,,,,,,,,,,,,
,,,,,,,,,,,,,,
,,,,,,,,,,,,,,
,,,,,,,,,,,,,,
,,,,,,,,,,,,,,
,,,,,,,,,,,,,,
,,,,,,,,,,,,,,
,,,,,,,,,,,,,,
,,,,,,,,,,,,,,
,,,,,,,,,,,,,,
,,,,,,,,,,,,,,
,,,,,,,,,,,,,,
,,,,,,,,,,,,,,
,,,,,,,,,,,,,,
,,,,,,,,,,,,,,
,,,,,,,,,,,,,,
,,,,,,,,,,,,,,
,,,,,,,,,,,,,,
,,,,,,,,,,,,,,
,,,,,,,,,,,,,,
,,,,,,,,,,,,,,
,,,,,,,,,,,,,,
,,,,,,,,,,,,,,
,,,,,,,,,,,,,,
,,,,,,,,,,,,,,
,,,,,,,,,,,,,,
,,,,,,,,,,,,,,
,,,,,,,,,,,,,,
,,,,,,,,,,,,,,
,,,,,,,,,,,,,,
,,,,,,,,,,,,,,
,,,,,,,,,,,,,,
,,,,,,,,,,,,,,
,,,,,,,,,,,,,,
,,,,,,,,,,,,,,
,,,,,,,,,,,,,,
,,,,,,,,,,,,,,
,,,,,,,,,,,,,,
,,,,,,,,,,,,,,
,,,,,,,,,,,,,,
,,,,,,,,,,,,,,
,,,,,,,,,,,,,,
,,,,,,,,,,,,,,
,,,,,,,,,,,,,,
,,,,,,,,,,,,,,
,,,,,,,,,,,,,,
,,,,,,,,,,,,,,
,,,,,,,,,,,,,,
,,,,,,,,,,,,,,
,,,,,,,,,,,,,,
,,,,,,,,,,,,,,
,,,,,,,,,,,,,,
,,,,,,,,,,,,,,
,,,,,,,,,,,,,,
,,,,,,,,,,,,,,
,,,,,,,,,,,,,,
,,,,,,,,,,,,,,
,,,,,,,,,,,,,,
,,,,,,,,,,,,,,
,,,,,,,,,,,,,,
,,,,,,,,,,,,,,
,,,,,,,,,,,,,,
,,,,,,,,,,,,,,
,,,,,,,,,,,,,,
,,,,,,,,,,,,,,
,,,,,,,,,,,,,,
,,,,,,,,,,,,,,
,,,,,,,,,,,,,,
,,,,,,,,,,,,,,
,,,,,,,,,,,,,,
,,,,,,,,,,,,,,
,,,,,,,,,,,,,,
,,,,,,,,,,,,,,
,,,,,,,,,,,,,,
,,,,,,,,,,,,,,
,,,,,,,,,,,,,,
,,,,,,,,,,,,,,
,,,,,,,,,,,,,,
,,,,,,,,,,,,,,
,,,,,,,,,,,,,,
,,,,,,,,,,,,,,
,,,,,,,,,,,,,,
,,,,,,,,,,,,,,
,,,,,,,,,,,,,,
,,,,,,,,,,,,,,
,,,,,,,,,,,,,,
,,,,,,,,,,,,,,
,,,,,,,,,,,,,,
,,,,,,,,,,,,,,
,,,,,,,,,,,,,,
,,,,,,,,,,,,,,
,,,,,,,,,,,,,,
,,,,,,,,,,,,,,
,,,,,,,,,,,,,,
,,,,,,,,,,,,,,
,,,,,,,,,,,,,,
,,,,,,,,,,,,,,
,,,,,,,,,,,,,,
,,,,,,,,,,,,,,
,,,,,,,,,,,,,,
,,,,,,,,,,,,,,
,,,,,,,,,,,,,,
,,,,,,,,,,,,,,
,,,,,,,,,,,,,,
,,,,,,,,,,,,,,
,,,,,,,,,,,,,,
,,,,,,,,,,,,,,
,,,,,,,,,,,,,,
,,,,,,,,,,,,,,
,,,,,,,,,,,,,,
,,,,,,,,,,,,,,
,,,,,,,,,,,,,,
,,,,,,,,,,,,,,
,,,,,,,,,,,,,,
,,,,,,,,,,,,,,
,,,,,,,,,,,,,,
,,,,,,,,,,,,,,
,,,,,,,,,,,,,,
,,,,,,,,,,,,,,
,,,,,,,,,,,,,,
,,,,,,,,,,,,,,
,,,,,,,,,,,,,,
,,,,,,,,,,,,,,
,,,,,,,,,,,,,,
,,,,,,,,,,,,,,
,,,,,,,,,,,,,,
,,,,,,,,,,,,,,
,,,,,,,,,,,,,,
,,,,,,,,,,,,,,
,,,,,,,,,,,,,,
,,,,,,,,,,,,,,
,,,,,,,,,,,,,,
,,,,,,,,,,,,,,
,,,,,,,,,,,,,,
,,,,,,,,,,,,,,
,,,,,,,,,,,,,,
,,,,,,,,,,,,,,
,,,,,,,,,,,,,,
,,,,,,,,,,,,,,
,,,,,,,,,,,,,,
,,,,,,,,,,,,,,
,,,,,,,,,,,,,,
,,,,,,,,,,,,,,
,,,,,,,,,,,,,,
,,,,,,,,,,,,,,
,,,,,,,,,,,,,,
,,,,,,,,,,,,,,
,,,,,,,,,,,,,,
,,,,,,,,,,,,,,
,,,,,,,,,,,,,,
,,,,,,,,,,,,,,
,,,,,,,,,,,,,,
,,,,,,,,,,,,,,
,,,,,,,,,,,,,,
,,,,,,,,,,,,,,
,,,,,,,,,,,,,,
,,,,,,,,,,,,,,
,,,,,,,,,,,,,,
,,,,,,,,,,,,,,
,,,,,,,,,,,,,,
,,,,,,,,,,,,,,
,,,,,,,,,,,,,,
,,,,,,,,,,,,,,
,,,,,,,,,,,,,,
,,,,,,,,,,,,,,
,,,,,,,,,,,,,,
,,,,,,,,,,,,,,
,,,,,,,,,,,,,,
,,,,,,,,,,,,,,
,,,,,,,,,,,,,,
,,,,,,,,,,,,,,
,,,,,,,,,,,,,,
,,,,,,,,,,,,,,
,,,,,,,,,,,,,,
,,,,,,,,,,,,,,
,,,,,,,,,,,,,,
,,,,,,,,,,,,,,
,,,,,,,,,,,,,,
,,,,,,,,,,,,,,
,,,,,,,,,,,,,,
,,,,,,,,,,,,,,
,,,,,,,,,,,,,,
,,,,,,,,,,,,,,
,,,,,,,,,,,,,,
,,,,,,,,,,,,,,
,,,,,,,,,,,,,,
,,,,,,,,,,,,,,
,,,,,,,,,,,,,,
,,,,,,,,,,,,,,
,,,,,,,,,,,,,,
,,,,,,,,,,,,,,
,,,,,,,,,,,,,,
,,,,,,,,,,,,,,
,,,,,,,,,,,,,,
,,,,,,,,,,,,,,
,,,,,,,,,,,,,,
,,,,,,,,,,,,,,
,,,,,,,,,,,,,,
,,,,,,,,,,,,,,
,,,,,,,,,,,,,,
,,,,,,,,,,,,,,
,,,,,,,,,,,,,,
,,,,,,,,,,,,,,
,,,,,,,,,,,,,,
,,,,,,,,,,,,,,
,,,,,,,,,,,,,,
,,,,,,,,,,,,,,
,,,,,,,,,,,,,,
,,,,,,,,,,,,,,
,,,,,,,,,,,,,,
,,,,,,,,,,,,,,
,,,,,,,,,,,,,,
,,,,,,,,,,,,,,
,,,,,,,,,,,,,,
,,,,,,,,,,,,,,
,,,,,,,,,,,,,,
,,,,,,,,,,,,,,
,,,,,,,,,,,,,,
,,,,,,,,,,,,,,
,,,,,,,,,,,,,,
,,,,,,,,,,,,,,
,,,,,,,,,,,,,,
,,,,,,,,,,,,,,
,,,,,,,,,,,,,,
,,,,,,,,,,,,,,
,,,,,,,,,,,,,,
,,,,,,,,,,,,,,
,,,,,,,,,,,,,,
,,,,,,,,,,,,,,
,,,,,,,,,,,,,,
,,,,,,,,,,,,,,
,,,,,,,,,,,,,,
,,,,,,,,,,,,,,
,,,,,,,,,,,,,,
,,,,,,,,,,,,,,
,,,,,,,,,,,,,,
,,,,,,,,,,,,,,
,,,,,,,,,,,,,,
,,,,,,,,,,,,,,
,,,,,,,,,,,,,,
,,,,,,,,,,,,,,
,,,,,,,,,,,,,,
,,,,,,,,,,,,,,
,,,,,,,,,,,,,,
,,,,,,,,,,,,,,
,,,,,,,,,,,,,,
,,,,,,,,,,,,,,
,,,,,,,,,,,,,,
,,,,,,,,,,,,,,
,,,,,,,,,,,,,,
,,,,,,,,,,,,,,
,,,,,,,,,,,,,,
,,,,,,,,,,,,,,
,,,,,,,,,,,,,,
,,,,,,,,,,,,,,
,,,,,,,,,,,,,,
,,,,,,,,,,,,,,
,,,,,,,,,,,,,,
,,,,,,,,,,,,,,
,,,,,,,,,,,,,,
,,,,,,,,,,,,,,
,,,,,,,,,,,,,,
,,,,,,,,,,,,,,
,,,,,,,,,,,,,,
,,,,,,,,,,,,,,
,,,,,,,,,,,,,,
,,,,,,,,,,,,,,
,,,,,,,,,,,,,,
,,,,,,,,,,,,,,
,,,,,,,,,,,,,,
,,,,,,,,,,,,,,
,,,,,,,,,,,,,,
,,,,,,,,,,,,,,
,,,,,,,,,,,,,,
,,,,,,,,,,,,,,
,,,,,,,,,,,,,,
,,,,,,,,,,,,,,
,,,,,,,,,,,,,,
,,,,,,,,,,,,,,
,,,,,,,,,,,,,,
,,,,,,,,,,,,,,
,,,,,,,,,,,,,,
,,,,,,,,,,,,,,
,,,,,,,,,,,,,,
,,,,,,,,,,,,,,
,,,,,,,,,,,,,,
,,,,,,,,,,,,,,
,,,,,,,,,,,,,,
,,,,,,,,,,,,,,
,,,,,,,,,,,,,,
,,,,,,,,,,,,,,
,,,,,,,,,,,,,,
,,,,,,,,,,,,,,
,,,,,,,,,,,,,,
,,,,,,,,,,,,,,
,,,,,,,,,,,,,,
,,,,,,,,,,,,,,
,,,,,,,,,,,,,,
,,,,,,,,,,,,,,
,,,,,,,,,,,,,,
,,,,,,,,,,,,,,
,,,,,,,,,,,,,,
,,,,,,,,,,,,,,
,,,,,,,,,,,,,,
,,,,,,,,,,,,,,
,,,,,,,,,,,,,,
,,,,,,,,,,,,,,
,,,,,,,,,,,,,,
,,,,,,,,,,,,,,
,,,,,,,,,,,,,,
,,,,,,,,,,,,,,
,,,,,,,,,,,,,,
,,,,,,,,,,,,,,
,,,,,,,,,,,,,,
,,,,,,,,,,,,,,
,,,,,,,,,,,,,,
,,,,,,,,,,,,,,
,,,,,,,,,,,,,,
,,,,,,,,,,,,,,
,,,,,,,,,,,,,,
,,,,,,,,,,,,,,
,,,,,,,,,,,,,,
,,,,,,,,,,,,,,
,,,,,,,,,,,,,,
,,,,,,,,,,,,,,
,,,,,,,,,,,,,,
,,,,,,,,,,,,,,
,,,,,,,,,,,,,,
,,,,,,,,,,,,,,
,,,,,,,,,,,,,,
,,,,,,,,,,,,,,
,,,,,,,,,,,,,,
,,,,,,,,,,,,,,
,,,,,,,,,,,,,,
,,,,,,,,,,,,,,
,,,,,,,,,,,,,,
,,,,,,,,,,,,,,
,,,,,,,,,,,,,,
,,,,,,,,,,,,,,
,,,,,,,,,,,,,,
,,,,,,,,,,,,,,
,,,,,,,,,,,,,,
,,,,,,,,,,,,,,
,,,,,,,,,,,,,,
,,,,,,,,,,,,,,
,,,,,,,,,,,,,,
,,,,,,,,,,,,,,
,,,,,,,,,,,,,,
,,,,,,,,,,,,,,
,,,,,,,,,,,,,,
,,,,,,,,,,,,,,
,,,,,,,,,,,,,,
,,,,,,,,,,,,,,
,,,,,,,,,,,,,,
,,,,,,,,,,,,,,
,,,,,,,,,,,,,,
,,,,,,,,,,,,,,
,,,,,,,,,,,,,,
,,,,,,,,,,,,,,
,,,,,,,,,,,,,,
,,,,,,,,,,,,,,
,,,,,,,,,,,,,,
,,,,,,,,,,,,,,
,,,,,,,,,,,,,,
,,,,,,,,,,,,,,
,,,,,,,,,,,,,,
,,,,,,,,,,,,,,
,,,,,,,,,,,,,,
,,,,,,,,,,,,,,
,,,,,,,,,,,,,,
,,,,,,,,,,,,,,
,,,,,,,,,,,,,,
,,,,,,,,,,,,,,
,,,,,,,,,,,,,,
,,,,,,,,,,,,,,
,,,,,,,,,,,,,,
,,,,,,,,,,,,,,
,,,,,,,,,,,,,,
,,,,,,,,,,,,,,
,,,,,,,,,,,,,,
,,,,,,,,,,,,,,
,,,,,,,,,,,,,,
,,,,,,,,,,,,,,
,,,,,,,,,,,,,,
,,,,,,,,,,,,,,
,,,,,,,,,,,,,,
,,,,,,,,,,,,,,
,,,,,,,,,,,,,,
,,,,,,,,,,,,,,
,,,,,,,,,,,,,,
,,,,,,,,,,,,,,
,,,,,,,,,,,,,,
,,,,,,,,,,,,,,
,,,,,,,,,,,,,,
,,,,,,,,,,,,,,
,,,,,,,,,,,,,,
,,,,,,,,,,,,,,
,,,,,,,,,,,,,,
,,,,,,,,,,,,,,
,,,,,,,,,,,,,,
,,,,,,,,,,,,,,
,,,,,,,,,,,,,,
,,,,,,,,,,,,,,
,,,,,,,,,,,,,,
,,,,,,,,,,,,,,
,,,,,,,,,,,,,,
,,,,,,,,,,,,,,
,,,,,,,,,,,,,,
,,,,,,,,,,,,,,
,,,,,,,,,,,,,,
,,,,,,,,,,,,,,
,,,,,,,,,,,,,,
,,,,,,,,,,,,,,
,,,,,,,,,,,,,,
,,,,,,,,,,,,,,
,,,,,,,,,,,,,,
,,,,,,,,,,,,,,
,,,,,,,,,,,,,,
,,,,,,,,,,,,,,
,,,,,,,,,,,,,,
,,,,,,,,,,,,,,
,,,,,,,,,,,,,,
,,,,,,,,,,,,,,
,,,,,,,,,,,,,,
,,,,,,,,,,,,,,
,,,,,,,,,,,,,,
,,,,,,,,,,,,,,
,,,,,,,,,,,,,,
,,,,,,,,,,,,,,
,,,,,,,,,,,,,,
,,,,,,,,,,,,,,
,,,,,,,,,,,,,,
,,,,,,,,,,,,,,
,,,,,,,,,,,,,,
,,,,,,,,,,,,,,
,,,,,,,,,,,,,,
,,,,,,,,,,,,,,
,,,,,,,,,,,,,,
,,,,,,,,,,,,,,
,,,,,,,,,,,,,,
,,,,,,,,,,,,,,
,,,,,,,,,,,,,,
,,,,,,,,,,,,,,
,,,,,,,,,,,,,,
,,,,,,,,,,,,,,
,,,,,,,,,,,,,,
,,,,,,,,,,,,,,
,,,,,,,,,,,,,,
,,,,,,,,,,,,,,
,,,,,,,,,,,,,,
,,,,,,,,,,,,,,
,,,,,,,,,,,,,,
,,,,,,,,,,,,,,
,,,,,,,,,,,,,,
,,,,,,,,,,,,,,
,,,,,,,,,,,,,,
,,,,,,,,,,,,,,
,,,,,,,,,,,,,,
,,,,,,,,,,,,,,
,,,,,,,,,,,,,,
,,,,,,,,,,,,,,
,,,,,,,,,,,,,,
,,,,,,,,,,,,,,
,,,,,,,,,,,,,,
,,,,,,,,,,,,,,
,,,,,,,,,,,,,,
,,,,,,,,,,,,,,
,,,,,,,,,,,,,,
,,,,,,,,,,,,,,
,,,,,,,,,,,,,,
,,,,,,,,,,,,,,
,,,,,,,,,,,,,,
,,,,,,,,,,,,,,
,,,,,,,,,,,,,,
,,,,,,,,,,,,,,
,,,,,,,,,,,,,,
,,,,,,,,,,,,,,
,,,,,,,,,,,,,,
,,,,,,,,,,,,,,
,,,,,,,,,,,,,,
,,,,,,,,,,,,,,
,,,,,,,,,,,,,,
,,,,,,,,,,,,,,
,,,,,,,,,,,,,,
,,,,,,,,,,,,,,
,,,,,,,,,,,,,,
,,,,,,,,,,,,,,
,,,,,,,,,,,,,,
,,,,,,,,,,,,,,
,,,,,,,,,,,,,,
,,,,,,,,,,,,,,
,,,,,,,,,,,,,,
,,,,,,,,,,,,,,
,,,,,,,,,,,,,,
,,,,,,,,,,,,,,
,,,,,,,,,,,,,,
,,,,,,,,,,,,,,
,,,,,,,,,,,,,,
,,,,,,,,,,,,,,
,,,,,,,,,,,,,,
,,,,,,,,,,,,,,
,,,,,,,,,,,,,,
,,,,,,,,,,,,,,
,,,,,,,,,,,,,,
,,,,,,,,,,,,,,
,,,,,,,,,,,,,,
,,,,,,,,,,,,,,
,,,,,,,,,,,,,,
,,,,,,,,,,,,,,
,,,,,,,,,,,,,,
,,,,,,,,,,,,,,
,,,,,,,,,,,,,,
,,,,,,,,,,,,,,
,,,,,,,,,,,,,,
,,,,,,,,,,,,,,
,,,,,,,,,,,,,,
,,,,,,,,,,,,,,
,,,,,,,,,,,,,,
,,,,,,,,,,,,,,
,,,,,,,,,,,,,,
,,,,,,,,,,,,,,
,,,,,,,,,,,,,,
,,,,,,,,,,,,,,
,,,,,,,,,,,,,,
,,,,,,,,,,,,,,
,,,,,,,,,,,,,,
,,,,,,,,,,,,,,
,,,,,,,,,,,,,,
,,,,,,,,,,,,,,
,,,,,,,,,,,,,,
,,,,,,,,,,,,,,
,,,,,,,,,,,,,,
,,,,,,,,,,,,,,
,,,,,,,,,,,,,,
,,,,,,,,,,,,,,
,,,,,,,,,,,,,,
,,,,,,,,,,,,,,
,,,,,,,,,,,,,,
,,,,,,,,,,,,,,
,,,,,,,,,,,,,,
,,,,,,,,,,,,,,
,,,,,,,,,,,,,,
,,,,,,,,,,,,,,
,,,,,,,,,,,,,,
,,,,,,,,,,,,,,
,,,,,,,,,,,,,,
,,,,,,,,,,,,,,
,,,,,,,,,,,,,,
,,,,,,,,,,,,,,
,,,,,,,,,,,,,,
,,,,,,,,,,,,,,
,,,,,,,,,,,,,,
,,,,,,,,,,,,,,
,,,,,,,,,,,,,,
,,,,,,,,,,,,,,
,,,,,,,,,,,,,,
,,,,,,,,,,,,,,
,,,,,,,,,,,,,,
,,,,,,,,,,,,,,
,,,,,,,,,,,,,,
,,,,,,,,,,,,,,
,,,,,,,,,,,,,,
,,,,,,,,,,,,,,
,,,,,,,,,,,,,,
,,,,,,,,,,,,,,
,,,,,,,,,,,,,,
,,,,,,,,,,,,,,
,,,,,,,,,,,,,,
,,,,,,,,,,,,,,
,,,,,,,,,,,,,,
,,,,,,,,,,,,,,
,,,,,,,,,,,,,,
,,,,,,,,,,,,,,
,,,,,,,,,,,,,,
,,,,,,,,,,,,,,
,,,,,,,,,,,,,,
,,,,,,,,,,,,,,
,,,,,,,,,,,,,,
,,,,,,,,,,,,,,
,,,,,,,,,,,,,,
,,,,,,,,,,,,,,
,,,,,,,,,,,,,,
,,,,,,,,,,,,,,
,,,,,,,,,,,,,,
,,,,,,,,,,,,,,
,,,,,,,,,,,,,,
,,,,,,,,,,,,,,
,,,,,,,,,,,,,,
,,,,,,,,,,,,,,
,,,,,,,,,,,,,,
,,,,,,,,,,,,,,
,,,,,,,,,,,,,,
,,,,,,,,,,,,,,
,,,,,,,,,,,,,,
,,,,,,,,,,,,,,
,,,,,,,,,,,,,,
,,,,,,,,,,,,,,
,,,,,,,,,,,,,,
,,,,,,,,,,,,,,
,,,,,,,,,,,,,,
,,,,,,,,,,,,,,
,,,,,,,,,,,,,,
,,,,,,,,,,,,,,
,,,,,,,,,,,,,,
,,,,,,,,,,,,,,
,,,,,,,,,,,,,,
,,,,,,,,,,,,,,
,,,,,,,,,,,,,,
,,,,,,,,,,,,,,
,,,,,,,,,,,,,,
,,,,,,,,,,,,,,
,,,,,,,,,,,,,,
,,,,,,,,,,,,,,
,,,,,,,,,,,,,,
,,,,,,,,,,,,,,
,,,,,,,,,,,,,,
,,,,,,,,,,,,,,
,,,,,,,,,,,,,,
,,,,,,,,,,,,,,
,,,,,,,,,,,,,,
,,,,,,,,,,,,,,
,,,,,,,,,,,,,,
,,,,,,,,,,,,,,
,,,,,,,,,,,,,,
,,,,,,,,,,,,,,
,,,,,,,,,,,,,,
,,,,,,,,,,,,,,
,,,,,,,,,,,,,,
,,,,,,,,,,,,,,
,,,,,,,,,,,,,,
,,,,,,,,,,,,,,
,,,,,,,,,,,,,,
,,,,,,,,,,,,,,
,,,,,,,,,,,,,,
,,,,,,,,,,,,,,
,,,,,,,,,,,,,,
,,,,,,,,,,,,,,
,,,,,,,,,,,,,,
,,,,,,,,,,,,,,
,,,,,,,,,,,,,,
,,,,,,,,,,,,,,
,,,,,,,,,,,,,,
,,,,,,,,,,,,,,
,,,,,,,,,,,,,,
,,,,,,,,,,,,,,
,,,,,,,,,,,,,,
,,,,,,,,,,,,,,
,,,,,,,,,,,,,,
,,,,,,,,,,,,,,
,,,,,,,,,,,,,,
,,,,,,,,,,,,,,
,,,,,,,,,,,,,,
,,,,,,,,,,,,,,
,,,,,,,,,,,,,,
,,,,,,,,,,,,,,
,,,,,,,,,,,,,,
,,,,,,,,,,,,,,
,,,,,,,,,,,,,,
,,,,,,,,,,,,,,
,,,,,,,,,,,,,,
,,,,,,,,,,,,,,
,,,,,,,,,,,,,,
,,,,,,,,,,,,,,
,,,,,,,,,,,,,,
,,,,,,,,,,,,,,
,,,,,,,,,,,,,,
,,,,,,,,,,,,,,
,,,,,,,,,,,,,,
,,,,,,,,,,,,,,
,,,,,,,,,,,,,,
,,,,,,,,,,,,,,
,,,,,,,,,,,,,,
,,,,,,,,,,,,,,
,,,,,,,,,,,,,,
,,,,,,,,,,,,,,
,,,,,,,,,,,,,,
,,,,,,,,,,,,,,
,,,,,,,,,,,,,,
,,,,,,,,,,,,,,
,,,,,,,,,,,,,,
,,,,,,,,,,,,,,
,,,,,,,,,,,,,,
,,,,,,,,,,,,,,
,,,,,,,,,,,,,,
,,,,,,,,,,,,,,
,,,,,,,,,,,,,,
,,,,,,,,,,,,,,
,,,,,,,,,,,,,,
,,,,,,,,,,,,,,
,,,,,,,,,,,,,,
,,,,,,,,,,,,,,
,,,,,,,,,,,,,,
,,,,,,,,,,,,,,
,,,,,,,,,,,,,,
,,,,,,,,,,,,,,
,,,,,,,,,,,,,,
,,,,,,,,,,,,,,
,,,,,,,,,,,,,,
,,,,,,,,,,,,,,
,,,,,,,,,,,,,,
,,,,,,,,,,,,,,
,,,,,,,,,,,,,,
,,,,,,,,,,,,,,
,,,,,,,,,,,,,,
,,,,,,,,,,,,,,
,,,,,,,,,,,,,,
,,,,,,,,,,,,,,
,,,,,,,,,,,,,,
,,,,,,,,,,,,,,
,,,,,,,,,,,,,,
,,,,,,,,,,,,,,
,,,,,,,,,,,,,,
,,,,,,,,,,,,,,
,,,,,,,,,,,,,,
,,,,,,,,,,,,,,
,,,,,,,,,,,,,,
,,,,,,,,,,,,,,
,,,,,,,,,,,,,,
,,,,,,,,,,,,,,
,,,,,,,,,,,,,,
,,,,,,,,,,,,,,
,,,,,,,,,,,,,,
,,,,,,,,,,,,,,
,,,,,,,,,,,,,,
,,,,,,,,,,,,,,
,,,,,,,,,,,,,,
,,,,,,,,,,,,,,
,,,,,,,,,,,,,,
,,,,,,,,,,,,,,
,,,,,,,,,,,,,,
,,,,,,,,,,,,,,
,,,,,,,,,,,,,,
,,,,,,,,,,,,,,
,,,,,,,,,,,,,,
,,,,,,,,,,,,,,
,,,,,,,,,,,,,,
,,,,,,,,,,,,,,
,,,,,,,,,,,,,,
,,,,,,,,,,,,,,
,,,,,,,,,,,,,,
,,,,,,,,,,,,,,
,,,,,,,,,,,,,,
,,,,,,,,,,,,,,
,,,,,,,,,,,,,,
,,,,,,,,,,,,,,
,,,,,,,,,,,,,,
,,,,,,,,,,,,,,
,,,,,,,,,,,,,,
,,,,,,,,,,,,,,
,,,,,,,,,,,,,,
,,,,,,,,,,,,,,
,,,,,,,,,,,,,,
,,,,,,,,,,,,,,
,,,,,,,,,,,,,,
,,,,,,,,,,,,,,
,,,,,,,,,,,,,,
,,,,,,,,,,,,,,
,,,,,,,,,,,,,,
,,,,,,,,,,,,,,
,,,,,,,,,,,,,,
,,,,,,,,,,,,,,
,,,,,,,,,,,,,,
,,,,,,,,,,,,,,
,,,,,,,,,,,,,,
,,,,,,,,,,,,,,
,,,,,,,,,,,,,,
,,,,,,,,,,,,,,
,,,,,,,,,,,,,,
,,,,,,,,,,,,,,
,,,,,,,,,,,,,,
,,,,,,,,,,,,,,
,,,,,,,,,,,,,,
,,,,,,,,,,,,,,
,,,,,,,,,,,,,,
,,,,,,,,,,,,,,
,,,,,,,,,,,,,,
,,,,,,,,,,,,,,
,,,,,,,,,,,,,,
,,,,,,,,,,,,,,
,,,,,,,,,,,,,,
,,,,,,,,,,,,,,
,,,,,,,,,,,,,,
,,,,,,,,,,,,,,
,,,,,,,,,,,,,,
,,,,,,,,,,,,,,
,,,,,,,,,,,,,,
,,,,,,,,,,,,,,
,,,,,,,,,,,,,,
,,,,,,,,,,,,,,
,,,,,,,,,,,,,,
,,,,,,,,,,,,,,
,,,,,,,,,,,,,,
,,,,,,,,,,,,,,
,,,,,,,,,,,,,,
,,,,,,,,,,,,,,
,,,,,,,,,,,,,,
,,,,,,,,,,,,,,
,,,,,,,,,,,,,,
,,,,,,,,,,,,,,
,,,,,,,,,,,,,,
,,,,,,,,,,,,,,
,,,,,,,,,,,,,,
,,,,,,,,,,,,,,
,,,,,,,,,,,,,,
,,,,,,,,,,,,,,
,,,,,,,,,,,,,,
,,,,,,,,,,,,,,
,,,,,,,,,,,,,,
,,,,,,,,,,,,,,
,,,,,,,,,,,,,,
,,,,,,,,,,,,,,
,,,,,,,,,,,,,,
,,,,,,,,,,,,,,
,,,,,,,,,,,,,,
,,,,,,,,,,,,,,
,,,,,,,,,,,,,,
,,,,,,,,,,,,,,
,,,,,,,,,,,,,,
,,,,,,,,,,,,,,
,,,,,,,,,,,,,,
,,,,,,,,,,,,,,
,,,,,,,,,,,,,,
,,,,,,,,,,,,,,
,,,,,,,,,,,,,,
,,,,,,,,,,,,,,
,,,,,,,,,,,,,,
,,,,,,,,,,,,,,
,,,,,,,,,,,,,,
,,,,,,,,,,,,,,
,,,,,,,,,,,,,,
,,,,,,,,,,,,,,
,,,,,,,,,,,,,,
,,,,,,,,,,,,,,
,,,,,,,,,,,,,,
,,,,,,,,,,,,,,
,,,,,,,,,,,,,,
,,,,,,,,,,,,,,
,,,,,,,,,,,,,,
,,,,,,,,,,,,,,
,,,,,,,,,,,,,,
,,,,,,,,,,,,,,
,,,,,,,,,,,,,,
,,,,,,,,,,,,,,
,,,,,,,,,,,,,,
,,,,,,,,,,,,,,
,,,,,,,,,,,,,,
,,,,,,,,,,,,,,
,,,,,,,,,,,,,,
,,,,,,,,,,,,,,
,,,,,,,,,,,,,,
,,,,,,,,,,,,,,
,,,,,,,,,,,,,,
,,,,,,,,,,,,,,
,,,,,,,,,,,,,,
,,,,,,,,,,,,,,
,,,,,,,,,,,,,,
,,,,,,,,,,,,,,
,,,,,,,,,,,,,,
,,,,,,,,,,,,,,
,,,,,,,,,,,,,,
,,,,,,,,,,,,,,
,,,,,,,,,,,,,,
,,,,,,,,,,,,,,
,,,,,,,,,,,,,,
,,,,,,,,,,,,,,
,,,,,,,,,,,,,,
,,,,,,,,,,,,,,
,,,,,,,,,,,,,,
,,,,,,,,,,,,,,
,,,,,,,,,,,,,,
,,,,,,,,,,,,,,
,,,,,,,,,,,,,,
,,,,,,,,,,,,,,
,,,,,,,,,,,,,,
,,,,,,,,,,,,,,
,,,,,,,,,,,,,,
,,,,,,,,,,,,,,
,,,,,,,,,,,,,,
,,,,,,,,,,,,,,
,,,,,,,,,,,,,,
,,,,,,,,,,,,,,
,,,,,,,,,,,,,,
,,,,,,,,,,,,,,
,,,,,,,,,,,,,,
,,,,,,,,,,,,,,
,,,,,,,,,,,,,,
,,,,,,,,,,,,,,
,,,,,,,,,,,,,,
,,,,,,,,,,,,,,
,,,,,,,,,,,,,,
,,,,,,,,,,,,,,
,,,,,,,,,,,,,,
,,,,,,,,,,,,,,
,,,,,,,,,,,,,,
,,,,,,,,,,,,,,
,,,,,,,,,,,,,,
,,,,,,,,,,,,,,
,,,,,,,,,,,,,,
,,,,,,,,,,,,,,
,,,,,,,,,,,,,,
,,,,,,,,,,,,,,
,,,,,,,,,,,,,,
,,,,,,,,,,,,,,
,,,,,,,,,,,,,,
,,,,,,,,,,,,,,
,,,,,,,,,,,,,,
,,,,,,,,,,,,,,
,,,,,,,,,,,,,,
,,,,,,,,,,,,,,
,,,,,,,,,,,,,,
,,,,,,,,,,,,,,
,,,,,,,,,,,,,,
,,,,,,,,,,,,,,
,,,,,,,,,,,,,,
,,,,,,,,,,,,,,
,,,,,,,,,,,,,,
,,,,,,,,,,,,,,
,,,,,,,,,,,,,,
,,,,,,,,,,,,,,
,,,,,,,,,,,,,,
,,,,,,,,,,,,,,
,,,,,,,,,,,,,,
,,,,,,,,,,,,,,
,,,,,,,,,,,,,,
,,,,,,,,,,,,,,
,,,,,,,,,,,,,,
,,,,,,,,,,,,,,
,,,,,,,,,,,,,,
,,,,,,,,,,,,,,
,,,,,,,,,,,,,,
,,,,,,,,,,,,,,
,,,,,,,,,,,,,,
,,,,,,,,,,,,,,
,,,,,,,,,,,,,,
,,,,,,,,,,,,,,
,,,,,,,,,,,,,,
,,,,,,,,,,,,,,
,,,,,,,,,,,,,,
,,,,,,,,,,,,,,
,,,,,,,,,,,,,,
,,,,,,,,,,,,,,
,,,,,,,,,,,,,,
,,,,,,,,,,,,,,
,,,,,,,,,,,,,,
,,,,,,,,,,,,,,
,,,,,,,,,,,,,,
,,,,,,,,,,,,,,
,,,,,,,,,,,,,,
,,,,,,,,,,,,,,
,,,,,,,,,,,,,,
,,,,,,,,,,,,,,
,,,,,,,,,,,,,,
,,,,,,,,,,,,,,
,,,,,,,,,,,,,,
,,,,,,,,,,,,,,
,,,,,,,,,,,,,,
,,,,,,,,,,,,,,
,,,,,,,,,,,,,,
,,,,,,,,,,,,,,
,,,,,,,,,,,,,,
,,,,,,,,,,,,,,
,,,,,,,,,,,,,,
,,,,,,,,,,,,,,
,,,,,,,,,,,,,,
,,,,,,,,,,,,,,
,,,,,,,,,,,,,,
,,,,,,,,,,,,,,
,,,,,,,,,,,,,,
,,,,,,,,,,,,,,
,,,,,,,,,,,,,,
,,,,,,,,,,,,,,
,,,,,,,,,,,,,,
,,,,,,,,,,,,,,
,,,,,,,,,,,,,,
,,,,,,,,,,,,,,
,,,,,,,,,,,,,,
,,,,,,,,,,,,,,
,,,,,,,,,,,,,,
,,,,,,,,,,,,,,
,,,,,,,,,,,,,,
,,,,,,,,,,,,,,
,,,,,,,,,,,,,,
,,,,,,,,,,,,,,
,,,,,,,,,,,,,,
,,,,,,,,,,,,,,
,,,,,,,,,,,,,,
,,,,,,,,,,,,,,
,,,,,,,,,,,,,,
,,,,,,,,,,,,,,
,,,,,,,,,,,,,,
,,,,,,,,,,,,,,
,,,,,,,,,,,,,,
,,,,,,,,,,,,,,
,,,,,,,,,,,,,,
,,,,,,,,,,,,,,
,,,,,,,,,,,,,,
,,,,,,,,,,,,,,
,,,,,,,,,,,,,,
,,,,,,,,,,,,,,
,,,,,,,,,,,,,,
,,,,,,,,,,,,,,
,,,,,,,,,,,,,,
,,,,,,,,,,,,,,
,,,,,,,,,,,,,,
,,,,,,,,,,,,,,
,,,,,,,,,,,,,,
,,,,,,,,,,,,,,
,,,,,,,,,,,,,,
,,,,,,,,,,,,,,
,,,,,,,,,,,,,,
,,,,,,,,,,,,,,
,,,,,,,,,,,,,,
,,,,,,,,,,,,,,
,,,,,,,,,,,,,,
,,,,,,,,,,,,,,
,,,,,,,,,,,,,,
,,,,,,,,,,,,,,
,,,,,,,,,,,,,,
,,,,,,,,,,,,,,
,,,,,,,,,,,,,,
,,,,,,,,,,,,,,
,,,,,,,,,,,,,,
,,,,,,,,,,,,,,
,,,,,,,,,,,,,,
,,,,,,,,,,,,,,
,,,,,,,,,,,,,,
,,,,,,,,,,,,,,
,,,,,,,,,,,,,,
,,,,,,,,,,,,,,
,,,,,,,,,,,,,,
,,,,,,,,,,,,,,
,,,,,,,,,,,,,,
,,,,,,,,,,,,,,
,,,,,,,,,,,,,,
,,,,,,,,,,,,,,
,,,,,,,,,,,,,,
,,,,,,,,,,,,,,
,,,,,,,,,,,,,,
,,,,,,,,,,,,,,
,,,,,,,,,,,,,,
,,,,,,,,,,,,,,
,,,,,,,,,,,,,,
,,,,,,,,,,,,,,
,,,,,,,,,,,,,,
,,,,,,,,,,,,,,
,,,,,,,,,,,,,,
,,,,,,,,,,,,,,
,,,,,,,,,,,,,,
,,,,,,,,,,,,,,
,,,,,,,,,,,,,,
,,,,,,,,,,,,,,
,,,,,,,,,,,,,,
,,,,,,,,,,,,,,
,,,,,,,,,,,,,,
,,,,,,,,,,,,,,
,,,,,,,,,,,,,,
,,,,,,,,,,,,,,
,,,,,,,,,,,,,,
,,,,,,,,,,,,,,
,,,,,,,,,,,,,,
,,,,,,,,,,,,,,
,,,,,,,,,,,,,,
,,,,,,,,,,,,,,
,,,,,,,,,,,,,,
,,,,,,,,,,,,,,
,,,,,,,,,,,,,,
,,,,,,,,,,,,,,
,,,,,,,,,,,,,,
,,,,,,,,,,,,,,
,,,,,,,,,,,,,,
,,,,,,,,,,,,,,
,,,,,,,,,,,,,,
,,,,,,,,,,,,,,
,,,,,,,,,,,,,,
,,,,,,,,,,,,,,
,,,,,,,,,,,,,,
,,,,,,,,,,,,,,
,,,,,,,,,,,,,,
,,,,,,,,,,,,,,
,,,,,,,,,,,,,,
,,,,,,,,,,,,,,
,,,,,,,,,,,,,,
,,,,,,,,,,,,,,
,,,,,,,,,,,,,,
,,,,,,,,,,,,,,
,,,,,,,,,,,,,,
,,,,,,,,,,,,,,
,,,,,,,,,,,,,,
,,,,,,,,,,,,,,
,,,,,,,,,,,,,,
,,,,,,,,,,,,,,
,,,,,,,,,,,,,,
,,,,,,,,,,,,,,
,,,,,,,,,,,,,,
,,,,,,,,,,,,,,
,,,,,,,,,,,,,,
,,,,,,,,,,,,,,
,,,,,,,,,,,,,,
,,,,,,,,,,,,,,
,,,,,,,,,,,,,,
,,,,,,,,,,,,,,
,,,,,,,,,,,,,,
,,,,,,,,,,,,,,
,,,,,,,,,,,,,,
,,,,,,,,,,,,,,
,,,,,,,,,,,,,,
,,,,,,,,,,,,,,
,,,,,,,,,,,,,,
,,,,,,,,,,,,,,
,,,,,,,,,,,,,,
,,,,,,,,,,,,,,
,,,,,,,,,,,,,,
,,,,,,,,,,,,,,
,,,,,,,,,,,,,,
,,,,,,,,,,,,,,
,,,,,,,,,,,,,,
,,,,,,,,,,,,,,
,,,,,,,,,,,,,,
,,,,,,,,,,,,,,
,,,,,,,,,,,,,,
,,,,,,,,,,,,,,
,,,,,,,,,,,,,,
,,,,,,,,,,,,,,
,,,,,,,,,,,,,,
,,,,,,,,,,,,,,
,,,,,,,,,,,,,,
,,,,,,,,,,,,,,
,,,,,,,,,,,,,,
,,,,,,,,,,,,,,
,,,,,,,,,,,,,,
,,,,,,,,,,,,,,
,,,,,,,,,,,,,,
,,,,,,,,,,,,,,
,,,,,,,,,,,,,,
,,,,,,,,,,,,,,
,,,,,,,,,,,,,,
,,,,,,,,,,,,,,
,,,,,,,,,,,,,,
,,,,,,,,,,,,,,
,,,,,,,,,,,,,,
,,,,,,,,,,,,,,
,,,,,,,,,,,,,,
,,,,,,,,,,,,,,
,,,,,,,,,,,,,,
,,,,,,,,,,,,,,
,,,,,,,,,,,,,,
,,,,,,,,,,,,,,
,,,,,,,,,,,,,,
,,,,,,,,,,,,,,
,,,,,,,,,,,,,,
,,,,,,,,,,,,,,
,,,,,,,,,,,,,,
,,,,,,,,,,,,,,
,,,,,,,,,,,,,,
,,,,,,,,,,,,,,
,,,,,,,,,,,,,,
,,,,,,,,,,,,,,
,,,,,,,,,,,,,,
,,,,,,,,,,,,,,
,,,,,,,,,,,,,,
,,,,,,,,,,,,,,
,,,,,,,,,,,,,,
,,,,,,,,,,,,,,
,,,,,,,,,,,,,,
,,,,,,,,,,,,,,
,,,,,,,,,,,,,,
,,,,,,,,,,,,,,
,,,,,,,,,,,,,,
,,,,,,,,,,,,,,
,,,,,,,,,,,,,,
,,,,,,,,,,,,,,
,,,,,,,,,,,,,,
,,,,,,,,,,,,,,
,,,,,,,,,,,,,,
,,,,,,,,,,,,,,
,,,,,,,,,,,,,,
,,,,,,,,,,,,,,
,,,,,,,,,,,,,,
,,,,,,,,,,,,,,
,,,,,,,,,,,,,,
,,,,,,,,,,,,,,
,,,,,,,,,,,,,,
,,,,,,,,,,,,,,
,,,,,,,,,,,,,,
,,,,,,,,,,,,,,
,,,,,,,,,,,,,,
,,,,,,,,,,,,,,
,,,,,,,,,,,,,,
,,,,,,,,,,,,,,
,,,,,,,,,,,,,,
,,,,,,,,,,,,,,
,,,,,,,,,,,,,,
,,,,,,,,,,,,,,
,,,,,,,,,,,,,,
,,,,,,,,,,,,,,
,,,,,,,,,,,,,,
,,,,,,,,,,,,,,
,,,,,,,,,,,,,,
,,,,,,,,,,,,,,
,,,,,,,,,,,,,,
,,,,,,,,,,,,,,
,,,,,,,,,,,,,,
,,,,,,,,,,,,,,
,,,,,,,,,,,,,,
,,,,,,,,,,,,,,
,,,,,,,,,,,,,,
,,,,,,,,,,,,,,
,,,,,,,,,,,,,,
,,,,,,,,,,,,,,
,,,,,,,,,,,,,,
,,,,,,,,,,,,,,
,,,,,,,,,,,,,,
,,,,,,,,,,,,,,
,,,,,,,,,,,,,,
,,,,,,,,,,,,,,
,,,,,,,,,,,,,,
,,,,,,,,,,,,,,
,,,,,,,,,,,,,,
,,,,,,,,,,,,,,
,,,,,,,,,,,,,,
,,,,,,,,,,,,,,
,,,,,,,,,,,,,,
,,,,,,,,,,,,,,
,,,,,,,,,,,,,,
,,,,,,,,,,,,,,
,,,,,,,,,,,,,,
,,,,,,,,,,,,,,
,,,,,,,,,,,,,,
,,,,,,,,,,,,,,
,,,,,,,,,,,,,,
,,,,,,,,,,,,,,
,,,,,,,,,,,,,,
,,,,,,,,,,,,,,
,,,,,,,,,,,,,,
,,,,,,,,,,,,,,
,,,,,,,,,,,,,,
,,,,,,,,,,,,,,
,,,,,,,,,,,,,,
,,,,,,,,,,,,,,
,,,,,,,,,,,,,,
,,,,,,,,,,,,,,
,,,,,,,,,,,,,,
,,,,,,,,,,,,,,
,,,,,,,,,,,,,,
,,,,,,,,,,,,,,
,,,,,,,,,,,,,,
,,,,,,,,,,,,,,
,,,,,,,,,,,,,,
,,,,,,,,,,,,,,
,,,,,,,,,,,,,,
,,,,,,,,,,,,,,
,,,,,,,,,,,,,,
,,,,,,,,,,,,,,
,,,,,,,,,,,,,,
,,,,,,,,,,,,,,
,,,,,,,,,,,,,,
,,,,,,,,,,,,,,
,,,,,,,,,,,,,,
,,,,,,,,,,,,,,
,,,,,,,,,,,,,,
,,,,,,,,,,,,,,
,,,,,,,,,,,,,,
,,,,,,,,,,,,,,
,,,,,,,,,,,,,,
,,,,,,,,,,,,,,
,,,,,,,,,,,,,,
,,,,,,,,,,,,,,
,,,,,,,,,,,,,,
,,,,,,,,,,,,,,
,,,,,,,,,,,,,,
,,,,,,,,,,,,,,
,,,,,,,,,,,,,,
,,,,,,,,,,,,,,
,,,,,,,,,,,,,,
,,,,,,,,,,,,,,
,,,,,,,,,,,,,,
,,,,,,,,,,,,,,
,,,,,,,,,,,,,,
,,,,,,,,,,,,,,
,,,,,,,,,,,,,,
,,,,,,,,,,,,,,
,,,,,,,,,,,,,,
,,,,,,,,,,,,,,
,,,,,,,,,,,,,,
,,,,,,,,,,,,,,
,,,,,,,,,,,,,,
,,,,,,,,,,,,,,
,,,,,,,,,,,,,,
,,,,,,,,,,,,,,
,,,,,,,,,,,,,,
,,,,,,,,,,,,,,
,,,,,,,,,,,,,,
,,,,,,,,,,,,,,
,,,,,,,,,,,,,,
,,,,,,,,,,,,,,
,,,,,,,,,,,,,,
,,,,,,,,,,,,,,
,,,,,,,,,,,,,,
,,,,,,,,,,,,,,
,,,,,,,,,,,,,,
,,,,,,,,,,,,,,
,,,,,,,,,,,,,,
,,,,,,,,,,,,,,
,,,,,,,,,,,,,,
,,,,,,,,,,,,,,
,,,,,,,,,,,,,,
,,,,,,,,,,,,,,
,,,,,,,,,,,,,,
,,,,,,,,,,,,,,
,,,,,,,,,,,,,,
,,,,,,,,,,,,,,
,,,,,,,,,,,,,,
,,,,,,,,,,,,,,
,,,,,,,,,,,,,,
,,,,,,,,,,,,,,
,,,,,,,,,,,,,,
,,,,,,,,,,,,,,
,,,,,,,,,,,,,,
,,,,,,,,,,,,,,
,,,,,,,,,,,,,,
,,,,,,,,,,,,,,
,,,,,,,,,,,,,,
,,,,,,,,,,,,,,
,,,,,,,,,,,,,,
,,,,,,,,,,,,,,
,,,,,,,,,,,,,,
,,,,,,,,,,,,,,
,,,,,,,,,,,,,,
,,,,,,,,,,,,,,
,,,,,,,,,,,,,,
,,,,,,,,,,,,,,
,,,,,,,,,,,,,,
,,,,,,,,,,,,,,
,,,,,,,,,,,,,,
,,,,,,,,,,,,,,
,,,,,,,,,,,,,,
,,,,,,,,,,,,,,
,,,,,,,,,,,,,,
,,,,,,,,,,,,,,
,,,,,,,,,,,,,,
,,,,,,,,,,,,,,
,,,,,,,,,,,,,,
,,,,,,,,,,,,,,
,,,,,,,,,,,,,,
,,,,,,,,,,,,,,
,,,,,,,,,,,,,,
,,,,,,,,,,,,,,
