"ID","Country","State","Municipality","Study_location","Latitude","Longitude","Precision","Reserve_Area","Altitude","Altitude1km","Annual_mean_temperature","Annual_rainfall","Olsong200r","Olsoneconame","ribeirovegtype","BSRs","uc","protectedtype"
"bat1001","Brazil","SAO PAULO","CANANEIA","Parque Estadual da Ilha do Cardoso","-25.08685287000","-47.92796182000","Not-Precise",15100,"16",16,"22.6",2487,"Atlantic Forests","Serra do Mar coastal forests","Dense Ombrophilous Forest","Serra do Mar","Y","Park"
"bat1002","Brazil","SANTA CATARINA","BLUMENAU","Parque Natural Municipal Nascentes do Garcia","-27.06000000000","-49.08000000000","Not-Precise",5296.16,"460",398,"18.5",1651,"Atlantic Forests","Serra do Mar coastal forests","Dense Ombrophilous Forest","Serra do Mar","Y","Park"
"bat1003","Brazil","RIO GRANDE DO NORTE","NISIA FLORESTA","Nisia Floresta National Forest","-6.08625100000","-35.18492900000","Precise",174.95,"64",60,"25.6",1329,"Atlantic Forests","Atlantic Coast restingas",NA,"Pernambuco","Y","Protected Forest"
"bat1004","Brazil","RIO GRANDE DO SUL","FREDERICO WESTPHALEN","Frederico Westphalen","-27.36189731000","-53.40998121000","Not-Precise",2,"554",554,"19.1",1884,"Atlantic Forests","Araucaria moist forests","Mixed Ombrophilous Forest","Florestas de Araucaria",NA,NA
"bat1005","Brazil","PARANA","FENIX","Sitios de Fenix Parana","-23.90972073000","-51.95837570000","Not-Precise",40,"354",357,"20.9",1489,"Atlantic Forests","Alto Parana Atlantic forests","Semideciduous Forest","Interior Forests",NA,NA
"bat1006","Brazil","SAO PAULO","SAO JOSE DO RIO PRETO","Talhadinho","-20.70221290000","-49.30105648000","Not-Precise",8,"524",509,"22.9",1294,"Atlantic Forests","Alto Parana Atlantic forests","Semideciduous Forest","Interior Forests",NA,NA
"bat1007","Brazil","PARANA","MORRETES","Marumbi","-25.44058360000","-48.91900376000","Not-Precise",43,"652",652,"18.6",1737,"Atlantic Forests","Araucaria moist forests","Mixed Ombrophilous Forest","Florestas de Araucaria",NA,"World Heritage Site"
"bat1008","Brazil","PARANA","DOUTOR CAMARGO","Recanto Marista","-23.54428929000","-52.22028554000","Not-Precise",37,"348",345,"20.7",1346,"Atlantic Forests","Alto Parana Atlantic forests","Semideciduous Forest","Interior Forests",NA,NA
"bat1009","Brazil","MATO GROSSO DO SUL","PORTO MURTINHO","Serra da Bodoquena","-21.18916715000","-56.71644960000","Not-Precise",76481,"544",544,"22.6",1355,"Cerrado Woodlands and Savannas","Cerrado","Deciduous Forest","Interior Forests","Y","Park"
"bat1010","Brazil","SAO PAULO","BOTUCATU","Fazenda Experimental Edgardia","-22.80323607000","-48.39966688000","Not-Precise",3,"570",570,"20.4",1287,"Cerrado Woodlands and Savannas","Cerrado","Savana","Interior Forests","Y",NA
"bat1011","Brazil","SANTA CATARINA","CRICIUMA","UNESC","-28.67444444000","-49.36722222000","Not-Precise",NA,NA,49,"19.5",1356,"Atlantic Forests","Serra do Mar coastal forests","Dense Ombrophilous Forest","Serra do Mar",NA,NA
"bat1012","Brazil","RIO DE JANEIRO","DUQUE DE CAXIAS","Reserva Biologica Tingua","-22.57000000000","-43.38000000000","Not-Precise",26260,"242",200,"21.9",2135,"Atlantic Forests","Serra do Mar coastal forests","Dense Ombrophilous Forest","Serra do Mar","Y","Biological Reserve"
"bat1013","Brazil","RIO DE JANEIRO","RIO DE JANEIRO","Parque Estatual da Pedra Branca","-22.96700000000","-43.45830000000","Not-Precise",11556.65,"234",347,"21.4",1503,"Atlantic Forests","Serra do Mar coastal forests","Dense Ombrophilous Forest","Serra do Mar","Y","Park"
"bat1014","Brazil","PARANA","LONDRINA","Mata dos Godoy","-23.45000000000","-51.25000000000","Not-Precise",39,"633",603,"20.5",1502,"Atlantic Forests","Alto Parana Atlantic forests","Semideciduous Forest","Interior Forests","Y",NA
"bat1015","Brazil","SAO PAULO","TEODORO SAMPAIO","Morro do Diabo","-22.57602378000","-52.23934254000","Not-Precise",33845.33,"402",369,"22.1",1194,"Atlantic Forests","Alto Parana Atlantic forests","Semideciduous Forest","Interior Forests","Y","Park"
"bat1016","Brazil","PARANA","TELEMACO BORBA","Telemaco Borba","-24.20000000000","-50.55000000000","Not-Precise",2,"778",778,"18.3",1374,"Atlantic Forests","Araucaria moist forests",NA,"Florestas de Araucaria",NA,NA
"bat1017","Brazil","BAHIA","SALVADOR","Mata do Cascao","-12.96222900000","-38.45438900000","Not-Precise",200,NA,62,"24.9",1753,"Atlantic Forests","Bahia coastal forests","Dense Ombrophilous Forest","Bahia","Y",NA
"bat1018","Brazil","MINAS GERAIS","SANTA BARBARA","Serra do Caraca","-20.06519766000","-43.48601593000","Not-Precise",12403,"929",929,"19.5",1449,"Atlantic Forests","Bahia interior forests","Semideciduous Forest","Interior Forests","Y",NA
"bat1019","Brazil","BAHIA","ILHEUS","Una 1","-15.00684321000","-39.14066915000","Precise",15000,"55",122,"24",1531,"Atlantic Forests","Bahia coastal forests","Dense Ombrophilous Forest","Bahia",NA,"Indigenous land"
"bat1020","Brazil","BAHIA","ILHEUS","Una 2","-15.01621918000","-39.13484356000","Precise",NA,NA,142,"23.8",1530,"Atlantic Forests","Bahia coastal forests","Dense Ombrophilous Forest","Bahia",NA,"Indigenous land"
"bat1021","Brazil","BAHIA","ILHEUS","Una 3","-14.99654532000","-39.13655399000","Precise",NA,NA,116,"24",1551,"Atlantic Forests","Bahia coastal forests","Dense Ombrophilous Forest","Bahia",NA,"Indigenous land"
"bat1022","Brazil","BAHIA","ILHEUS","Una 4","-14.99839800000","-39.13814807000","Precise",NA,NA,116,"24",1551,"Atlantic Forests","Bahia coastal forests","Dense Ombrophilous Forest","Bahia",NA,"Indigenous land"
"bat1023","Brazil","BAHIA","ILHEUS","Una 5","-14.99303894000","-39.12165142000","Precise",NA,NA,108,"24",1583,"Atlantic Forests","Bahia coastal forests","Dense Ombrophilous Forest","Bahia",NA,"Indigenous land"
"bat1024","Brazil","BAHIA","ILHEUS","Una 6","-14.99238368000","-39.12358600000","Precise",NA,NA,117,"24",1565,"Atlantic Forests","Bahia coastal forests","Dense Ombrophilous Forest","Bahia",NA,"Indigenous land"
"bat1025","Brazil","BAHIA","ILHEUS","Una 7","-14.96949817000","-39.09645198000","Precise",NA,NA,101,"24.1",1646,"Atlantic Forests","Bahia coastal forests","Dense Ombrophilous Forest","Bahia",NA,"Indigenous land"
"bat1026","Brazil","BAHIA","ILHEUS","Una 8","-14.97107800000","-39.09930412000","Precise",NA,NA,107,"24.1",1626,"Atlantic Forests","Bahia coastal forests","Dense Ombrophilous Forest","Bahia",NA,"Indigenous land"
"bat1027","Brazil","BAHIA","ILHEUS","Una 9","-14.98634266000","-39.12724062000","Precise",NA,NA,126,"23.9",1566,"Atlantic Forests","Bahia coastal forests","Dense Ombrophilous Forest","Bahia",NA,"Indigenous land"
"bat1028","Brazil","BAHIA","ILHEUS","Una 10","-14.96171962000","-39.10814594000","Precise",NA,NA,120,"24",1613,"Atlantic Forests","Bahia coastal forests","Dense Ombrophilous Forest","Bahia",NA,"Indigenous land"
"bat1029","Brazil","BAHIA","UNA","Una 11","-15.13805267000","-39.14126424000","Precise",NA,NA,109,"24",1485,"Atlantic Forests","Bahia coastal forests","Dense Ombrophilous Forest","Bahia",NA,"Biological Reserve"
"bat1030","Brazil","BAHIA","UNA","Una 12","-15.13906029000","-39.14471109000","Precise",NA,NA,109,"24",1485,"Atlantic Forests","Bahia coastal forests","Dense Ombrophilous Forest","Bahia",NA,"Biological Reserve"
"bat1031","Brazil","BAHIA","UNA","Una 13","-15.14257913000","-39.13988103000","Precise",NA,NA,104,"24",1487,"Atlantic Forests","Bahia coastal forests","Dense Ombrophilous Forest","Bahia",NA,"Biological Reserve"
"bat1032","Brazil","BAHIA","UNA","Una 14","-15.14566320000","-39.14719301000","Precise",NA,NA,104,"24",1487,"Atlantic Forests","Bahia coastal forests","Dense Ombrophilous Forest","Bahia",NA,"Biological Reserve"
"bat1033","Brazil","BAHIA","UNA","Una 15","-15.11365171000","-39.13733821000","Precise",NA,NA,81,"24.1",1521,"Atlantic Forests","Bahia coastal forests","Dense Ombrophilous Forest","Bahia",NA,"Biological Reserve"
"bat1034","Brazil","BAHIA","UNA","Una 16","-15.11490554000","-39.13895959000","Precise",NA,NA,81,"24.1",1521,"Atlantic Forests","Bahia coastal forests","Dense Ombrophilous Forest","Bahia",NA,"Biological Reserve"
"bat1035","Brazil","BAHIA","UNA","Una 17","-15.13273337000","-39.18118194000","Precise",NA,NA,146,"23.7",1417,"Atlantic Forests","Bahia coastal forests","Dense Ombrophilous Forest","Bahia",NA,"Biological Reserve"
"bat1036","Brazil","BAHIA","UNA","Una 18","-15.13999139000","-39.17704218000","Precise",NA,NA,139,"23.8",1429,"Atlantic Forests","Bahia coastal forests","Dense Ombrophilous Forest","Bahia",NA,"Biological Reserve"
"bat1037","Brazil","BAHIA","UNA","Una 19","-15.13129059000","-39.16881234000","Precise",NA,NA,138,"23.8",1443,"Atlantic Forests","Bahia coastal forests","Dense Ombrophilous Forest","Bahia",NA,"Biological Reserve"
"bat1038","Brazil","BAHIA","UNA","Una 20","-15.14940610000","-39.15895861000","Precise",NA,NA,124,"23.8",1449,"Atlantic Forests","Bahia coastal forests","Dense Ombrophilous Forest","Bahia",NA,"Biological Reserve"
"bat1039","Brazil","BAHIA","UNA","Una 21","-15.18399197000","-39.06727633000","Precise",NA,NA,66,"24.2",1603,"Atlantic Forests","Bahia coastal forests",NA,"Bahia",NA,"Biological Reserve"
"bat1040","Brazil","BAHIA","UNA","Una 22","-15.15792777000","-39.06400296000","Precise",NA,NA,65,"24.2",1621,"Atlantic Forests","Bahia coastal forests",NA,"Bahia",NA,"Wildlife refuge"
"bat1041","Brazil","BAHIA","UNA","Una 23","-15.16476232000","-39.05716609000","Precise",NA,NA,65,"24.2",1621,"Atlantic Forests","Bahia coastal forests",NA,"Bahia",NA,"Wildlife refuge"
"bat1042","Brazil","BAHIA","UNA","Una 24","-15.17231778000","-39.04151419000","Precise",NA,NA,60,"24.2",1646,"Atlantic Forests","Bahia coastal forests",NA,"Bahia",NA,"Wildlife refuge"
"bat1043","Brazil","BAHIA","UNA","Una 25","-15.15063401000","-39.07498893000","Precise",NA,NA,47,"24.3",1610,"Atlantic Forests","Bahia coastal forests","Dense Ombrophilous Forest","Bahia",NA,"Wildlife refuge"
"bat1044","Brazil","BAHIA","UNA","Una 26","-15.15357229000","-39.07131810000","Precise",NA,NA,56,"24.2",1615,"Atlantic Forests","Bahia coastal forests",NA,"Bahia",NA,"Wildlife refuge"
"bat1045","Brazil","BAHIA","UNA","Una 27","-15.17888157000","-39.03492316000","Precise",NA,NA,33,"24.4",1670,"Atlantic Forests","Bahia coastal forests",NA,"Bahia",NA,"Wildlife refuge"
"bat1046","Brazil","BAHIA","UNA","Una 28","-15.17434284000","-39.03183834000","Precise",NA,NA,33,"24.4",1670,"Atlantic Forests","Bahia coastal forests",NA,"Bahia",NA,"Wildlife refuge"
"bat1047","Brazil","BAHIA","UNA","Una 29","-15.17302372000","-39.06328151000","Precise",NA,NA,38,"24.3",1635,"Atlantic Forests","Bahia coastal forests",NA,"Bahia",NA,"Biological Reserve"
"bat1048","Brazil","BAHIA","UNA","Una 30","-15.17706462000","-39.03904590000","Precise",NA,NA,33,"24.4",1670,"Atlantic Forests","Bahia coastal forests",NA,"Bahia",NA,"Wildlife refuge"
"bat1049","Brazil","PARANA","LONDRINA","Arthur Thomas Park","-23.38168378000","-51.18967251000","Not-Precise",85.47,"533",529,"21.1",1473,"Atlantic Forests","Alto Parana Atlantic forests","Semideciduous Forest","Interior Forests","Y","Park"
"bat1050","Brazil","PARANA","RANCHO ALEGRE","Rancho Alegre","-23.00194615000","-50.94420538000","Not-Precise",7,"370",370,"21.9",1271,"Atlantic Forests","Alto Parana Atlantic forests","Semideciduous Forest","Interior Forests",NA,NA
"bat1051","Brazil","RIO DE JANEIRO","MANGARATIBA","Ilha da Marambaia","-23.05914509000","-43.98055869000","Not-Precise",31,"45",45,"23.3",1424,"Atlantic Forests","Serra do Mar coastal forests","Dense Ombrophilous Forest","Serra do Mar","Y",NA
"bat1052","Brazil","PARANA","GUARAPUAVA","Guarapuava","-25.35444444000","-51.48277778000","Not-Precise",41,"1100",1031,"17.1",1694,"Atlantic Forests","Araucaria moist forests","Savana","Florestas de Araucaria","Y",NA
"bat1053","Brazil","MINAS GERAIS","CARATINGA","Estacao Biologica de Caratinga","-19.73626113000","-41.81756732000","Not-Precise",956,"478",478,"22.4",1195,"Atlantic Forests","Bahia interior forests","Semideciduous Forest","Interior Forests","Y","Biological Reserve"
"bat1054","Brazil","PARANA","GUARAQUECABA","Salto Morato","-25.18509152000","-48.29749023000","Not-Precise",21,"29",29,"22.2",2183,"Atlantic Forests","Serra do Mar coastal forests","Dense Ombrophilous Forest","Serra do Mar",NA,NA
"bat1055","Brazil","SAO PAULO","PIRASSUNUNGA","Fazenda Agua Branca","-22.05033143000","-47.44151671000","Precise",20,NA,629,"20.5",1247,"Atlantic Forests","Alto Parana Atlantic forests","Semideciduous Forest","Interior Forests","N",NA
"bat1056","Brazil","SAO PAULO","BATATAIS","Batatais","-20.73535918000","-47.51944025000","Precise",116,NA,669,"21.6",1507,"Cerrado Woodlands and Savannas","Cerrado",NA,"Interior Forests","N",NA
"bat1057","Brazil","SAO PAULO","LUIS ANTONIO","Borda Leste Estacao Ecologica do Jatai","-21.55564617000","-47.72969585000","Precise",600,NA,664,"21",1429,"Cerrado Woodlands and Savannas","Cerrado","Savana","Interior Forests","Y","Ecological Station"
"bat1058","Brazil","SAO PAULO","ITIRAPINA","Cerrado do Botelho","-22.17089932000","-47.86367361000","Precise",60,NA,754,"19.7",1378,"Cerrado Woodlands and Savannas","Cerrado","Savana","Interior Forests","Y",NA
"bat1059","Brazil","SAO PAULO","LUIS ANTONIO","Fragmento cabeca de cachorro Estacao Ecologica do Jatai","-21.52652292000","-47.83276325000","Precise",648,NA,583,"21.4",1399,"Cerrado Woodlands and Savannas","Cerrado","Savana","Interior Forests","Y","Ecological Station"
"bat1060","Brazil","SAO PAULO","CAJURU","Fazenda em Cajuru","-21.27941729000","-47.34048143000","Precise",203,NA,765,"20.5",1470,"Atlantic Forests","Alto Parana Atlantic forests","Semideciduous Forest","Interior Forests","N",NA
"bat1061","Brazil","SAO PAULO","ANALANDIA","Fazenda Cuscuzeiro","-22.14771356000","-47.64741523000","Precise",11,NA,724,"19.9",1319,"Cerrado Woodlands and Savannas","Cerrado","Savana","Interior Forests","N",NA
"bat1062","Brazil","SAO PAULO","SANTA RITA DO PASSA QUATRO","Pe de Gigante","-21.64308912000","-47.61384730000","Precise",630,NA,705,"20.8",1435,"Cerrado Woodlands and Savannas","Cerrado","Savana","Interior Forests","Y","Area of relevant ecological interest"
"bat1063","Brazil","SAO PAULO","CORUMBATAI","Karl Arens","-22.24207107000","-47.69120129000","Precise",38,NA,861,"19.2",1373,"Cerrado Woodlands and Savannas","Cerrado","Savana","Interior Forests","Y",NA
"bat1064","Brazil","SAO PAULO","BROTAS","Fazenda Losano","-22.30362961000","-48.11417609000","Precise",48,NA,642,"20.3",1337,"Cerrado Woodlands and Savannas","Cerrado","Savana","Interior Forests","N",NA
"bat1065","Brazil","SAO PAULO","LUIS ANTONIO","Rio Mogi Estacao Ecologica do Jatai","-21.60909899000","-47.80057311000","Precise",700,NA,534,"21.7",1376,"Cerrado Woodlands and Savannas","Cerrado","Savana","Interior Forests","Y","Ecological Station"
"bat1066","Brazil","SAO PAULO","PORTO FERREIRA","Parque Estadual de Porto Ferreira","-21.84274815000","-47.41418391000","Precise",173,NA,576,"21.1",1276,"Atlantic Forests","Alto Parana Atlantic forests","Semideciduous Forest","Interior Forests","Y","Park"
"bat1067","Brazil","SAO PAULO","BROTAS","Pousada Sabia Brotas","-22.26698888000","-48.12505287000","Precise",44,NA,661,"20.2",1337,"Cerrado Woodlands and Savannas","Cerrado","Savana","Interior Forests","N",NA
"bat1068","Brazil","SAO PAULO","BROTAS","Fazenda Tapeirao Brotas","-22.25912489000","-48.21271140000","Precise",121,NA,535,"20.9",1306,"Cerrado Woodlands and Savannas","Cerrado",NA,"Interior Forests","N",NA
"bat1069","Brazil","SAO PAULO","SAO CARLOS","UFSCar Universidade Federal de Sao Carlos","-21.95798247000","-47.87320300000","Precise",153,NA,907,"19.2",1447,"Cerrado Woodlands and Savannas","Cerrado","Savana","Interior Forests",NA,NA
"bat1070","Brazil","PERNAMBUCO","RIO FORMOSO","Centro de Endemismo Pernambuco","-8.65590668500","-35.16801564000","Not-Precise",26,"41",41,"24.2",2038,"Atlantic Forests","Pernambuco coastal forests","Dense Ombrophilous Forest","Pernambuco","Y",NA
"bat1071","Brazil","MINAS GERAIS","RIO PRETO","Serra Negra","-21.99000000000","-43.85000000000","Not-Precise",1,"1110",1110,"17.9",1576,"Atlantic Forests","Bahia interior forests","Semideciduous Forest","Interior Forests","Y",NA
"bat1072","Brazil","MINAS GERAIS","LIMA DUARTE","Ibitipoca","-21.71337558000","-43.90445435000","Not-Precise",14,"1318",1318,"17.1",1641,"Atlantic Forests","Bahia interior forests","Semideciduous Forest","Interior Forests","Y",NA
"bat1073","Brazil","RIO DE JANEIRO","NOVA IGUACU","Serra Dos Orgaos","-22.81932512000","-43.52162588000","Not-Precise",10653,"534",635,"19.8",1629,"Atlantic Forests","Serra do Mar coastal forests","Dense Ombrophilous Forest","Serra do Mar","Y",NA
"bat1074","Brazil","ESPIRITO SANTO","VITORIA","Paulo Cesar Vinha State Park","-20.27240394000","-40.30269883000","Not-Precise",15,"0",NA,NA,NA,NA,"Southern Atlantic mangroves",NA,"Bahia","Y","Park"
"bat1075","Brazil","PARANA","PORTO RICO","Porto Rico","-22.76803832000","-53.25769066000","Not-Precise",5,"244",289,"22.6",1280,"Atlantic Forests","Alto Parana Atlantic forests","Semideciduous Forest","Interior Forests",NA,NA
"bat1076","Brazil","PARANA","CIANORTE","Cinturao Verde de Cianorte","-23.65981591000","-52.62091046000","Not-Precise",25,"522",522,"20.5",1399,"Atlantic Forests","Alto Parana Atlantic forests","Semideciduous Forest","Interior Forests","Y",NA
"bat1077","Brazil","SAO PAULO","RIBEIRAO GRANDE","Parque Estadual de Intervales","-24.27000000000","-48.40000000000","Not-Precise",41704,"905",875,"17.5",1399,"Atlantic Forests","Alto Parana Atlantic forests",NA,"Interior Forests","Y",NA
"bat1078","Brazil","MINAS GERAIS","ARAGUARI","Uberlandia","-18.71641828000","-48.25423544000","Not-Precise",NA,"656",656,"22.8",1409,"Atlantic Forests","Alto Parana Atlantic forests","Semideciduous Forest","Interior Forests",NA,NA
"bat1079","Brazil","SAO PAULO","GALIA","Caetetus","-22.41766687000","-49.69083655000","Not-Precise",20,"565",534,"20.8",1278,"Atlantic Forests","Alto Parana Atlantic forests","Semideciduous Forest","Interior Forests","Y","Ecological Station"
"bat1080","Brazil","SAO PAULO","JAU","Fazenda Santo Antonio dos Ipes Pomar Silo Curral and Trails","-22.30557100000","-48.52573500000","Not-Precise",142.88,NA,536,"20.8",1281,"Atlantic Forests","Alto Parana Atlantic forests","Semideciduous Forest","Interior Forests","Y",NA
"bat1081","Brazil","ESPIRITO SANTO","LINHARES","Linhares Reserva Natural Vale","-19.15373831000","-40.05418785000","Not-Precise",22,"65",65,"24",1209,"Atlantic Forests","Bahia coastal forests","Dense Ombrophilous Forest","Bahia","Y","Private Reserve"
"bat1082","Brazil","SANTA CATARINA","CAMPO BELO DO SUL","Campo Belo do Sul AD2","-27.88195243000","-50.75206644000","Not-Precise",1,"924",985,"15.9",1640,"Atlantic Forests","Araucaria moist forests","Stepe","Florestas de Araucaria",NA,NA
"bat1083","Brazil","ALAGOAS","IBATEGUARA","Usina Serra Grande","-9.00000000000","-35.86700000000","Not-Precise",44,"427",459,"21.9",1757,"Atlantic Forests","Pernambuco coastal forests","Open Ombrophilous Forest","Pernambuco",NA,NA
"bat1084","Brazil","PARANA","ANTONINA","Morro da Mina","-25.38300000000","-48.80800000000","Not-Precise",28,"38",31,"21.4",2003,"Atlantic Forests","Serra do Mar coastal forests","Dense Ombrophilous Forest","Serra do Mar",NA,NA
"bat1085","Brazil","PARANA","FOZ DO IGUACU","Parque do Iguacu","-25.61059100000","-54.47612500000","Not-Precise",17,"234",229,"21",1734,"Atlantic Forests","Alto Parana Atlantic forests","Semideciduous Forest","Interior Forests","Y","World Heritage Site"
"bat1086","Brazil","SAO PAULO","MOGI GUACU","Reserve Parque Sao Marcelo","-22.36707326000","-46.97967251000","Not-Precise",45,"596",618,"20.3",1341,"Cerrado Woodlands and Savannas","Cerrado",NA,"Interior Forests","Y","Park"
"bat1087","Brazil","SANTA CATARINA","ITAPOA","Volta Velha","-26.08014768000","-48.64523742000","Not-Precise",6,"18",18,"21.2",1876,"Atlantic Forests","Serra do Mar coastal forests","Dense Ombrophilous Forest","Serra do Mar","Y","Indigenous land"
"bat1088","Brazil","RIO GRANDE DO NORTE","NATAL","UFRN Campus","-5.83810200000","-35.20236100000","Precise",NA,"35",45,"25.7",1439,"Atlantic Forests","Atlantic Coast restingas",NA,"Pernambuco",NA,NA
"bat1089","Paraguay","CANINDEYU","Villa Ygatmi","Mbaracayu","-24.15000000000","-55.50000000000","Not-Precise",66000,NA,156,"22.6",1611,"Atlantic Forests","Alto Parana Atlantic forests",NA,NA,NA,"Private Reserve"
"bat1090","Paraguay","AMAMBAY","KARAPAI","Yaguarete","-23.80000000000","-56.01000000000","Not-Precise",16000,NA,143,"22.8",1476,"Atlantic Forests","Alto Parana Atlantic forests",NA,NA,NA,NA
"bat1091","Paraguay","AMAMBAY","PEDRO JUAN CABALLERO","Cerro Cora py10","-22.63000000000","-56.02000000000","Not-Precise",12038,NA,255,"23.2",1398,"Atlantic Forests","Alto Parana Atlantic forests",NA,NA,NA,"National Park"
"bat1092","Paraguay","ITAPUA","ALTO VERA","San Rafael py26","-26.77000000000","-55.85000000000","Not-Precise",78000,NA,184,"21.5",1758,"Atlantic Forests","Alto Parana Atlantic forests",NA,NA,NA,NA
"bat1093","Paraguay","CORDILLERA","JUAN DE MENA","Sombrero py20","-25.07000000000","-56.60000000000","Not-Precise",NA,NA,89,"22.5",1407,NA,"Humid Chaco",NA,NA,NA,NA
"bat1094","Paraguay","NEEMBUCU","SAN JUAN BAUTISTA DE NEEMBUCU","Yacare py24","-26.63000000000","-58.12000000000","Not-Precise",NA,NA,58,"22.2",1403,NA,"Humid Chaco",NA,NA,NA,NA
"bat1095","Brazil","SAO PAULO","PORTO FERREIRA","Parque Estadual de Porto Ferreira Trilha Arvores Gigantes e Taquara","-21.85277778000","-47.43055556000","Not-Precise",611.55,"650",582,"21",1283,"Atlantic Forests","Alto Parana Atlantic forests","Semideciduous Forest","Interior Forests","Y","Park"
"bat1096","Brazil","PARANA","PONTA GROSSA","Ponta Grossa","-25.07278455000","-50.13869692000","Not-Precise",33,"905",887,"18.1",1459,"Cerrado Woodlands and Savannas","Cerrado","Savana","Florestas de Araucaria","N",NA
"bat1097","Brazil","SAO PAULO","RIBEIRAO GRANDE","Intervales","-24.27000000000","-48.40001900000","Not-Precise",NA,NA,875,"17.5",1399,"Atlantic Forests","Alto Parana Atlantic forests",NA,"Interior Forests","Y","Park"
"bat1098","Brazil","MINAS GERAIS","SIMONESIA","Feliciano Miguel Abdala","-19.83223000000","-41.83013600000","Not-Precise",886,NA,558,"21.8",1198,"Atlantic Forests","Bahia interior forests","Semideciduous Forest","Interior Forests","Y",NA
"bat1099","Brazil","MINAS GERAIS","SIMONESIA","RPPN Feliciano Miguel Abdala","-19.83223000000","-41.83013600000","Not-Precise",886,NA,558,"21.8",1198,"Atlantic Forests","Bahia interior forests","Semideciduous Forest","Interior Forests","Y","Private Reserve"
"bat1100","Brazil","SAO PAULO","SAO CARLOS","UFSCar Pinus forest","-21.98408700000","-47.87956900000","Precise",4,NA,838,"19.6",1444,"Cerrado Woodlands and Savannas","Cerrado","Savana","Interior Forests",NA,NA
"bat1101","Brazil","SAO PAULO","SAO CARLOS","UFSCar Riparian Forest Y","-21.97132400000","-47.86759200000","Precise",90,NA,868,"19.5",1443,"Cerrado Woodlands and Savannas","Cerrado","Savana","Interior Forests",NA,NA
"bat1102","Brazil","SAO PAULO","SANTA RITA DO PASSA QUATRO","Vassununga State Park Mogi river","-21.73941900000","-47.60352500000","Precise",NA,"665",547,"21.4",1361,"Atlantic Forests","Alto Parana Atlantic forests","Semideciduous Forest","Interior Forests","Y","Park"
"bat1103","Brazil","SAO PAULO","SANTA RITA DO PASSA QUATRO","Vassununga State Park Pedregulho trail","-21.71775700000","-47.61695100000","Precise",331.24,"665",563,"21.4",1372,"Atlantic Forests","Alto Parana Atlantic forests","Semideciduous Forest","Interior Forests","Y","Park"
"bat1104","Brazil","SAO PAULO","SANTA RITA DO PASSA QUATRO","Vassununga State Park Jequitibas trail","-21.72975400000","-47.59121500000","Precise",331.24,"665",588,"21.2",1380,"Atlantic Forests","Alto Parana Atlantic forests","Semideciduous Forest","Interior Forests","Y","Park"
"bat1105","Brazil","SAO PAULO","SANTA RITA DO PASSA QUATRO","Vassununga State Park  West Capetinga","-21.72062500000","-47.59589200000","Precise",331.24,"665",600,"21.2",1386,"Atlantic Forests","Alto Parana Atlantic forests","Semideciduous Forest","Interior Forests","Y","Park"
"bat1106","Brazil","SAO PAULO","SANTA RITA DO PASSA QUATRO","Vassununga State Park East Capetinga","-21.72632300000","-47.58485400000","Precise",231.06,"665",539,"21.5",1360,"Atlantic Forests","Alto Parana Atlantic forests","Semideciduous Forest","Interior Forests","Y","Park"
"bat1107","Brazil","SAO PAULO","SANTA RITA DO PASSA QUATRO","Vassununga State Park Back Gate","-21.72021800000","-47.59769200000","Precise",331.24,"665",600,"21.2",1386,"Atlantic Forests","Alto Parana Atlantic forests","Semideciduous Forest","Interior Forests","Y","Park"
"bat1108","Brazil","RIO GRANDE DO SUL","SANTA MARIA","Morro do Elefante","-29.68150100000","-53.77122600000","Not-Precise",NA,"262 to 462",352,"18.4",1701,"Atlantic Forests","Alto Parana Atlantic forests","Deciduous Forest","Florestas de Araucaria","Y",NA
"bat1109","Brazil","SAO PAULO","RIO CLARO","State Forest Edmundo Navarro de Andrade ","-22.40672900000","-47.52138600000","Precise",2230,"650",639,"20.1",1306,"Atlantic Forests","Alto Parana Atlantic forests","Semideciduous Forest","Interior Forests","Y","Park"
"bat1110","Brazil","RIO DE JANEIRO","RIO DE JANEIRO","Alto da Boa Vista","-22.97271300000","-43.28415400000","Precise",24,NA,369,"21.1",1549,"Atlantic Forests","Serra do Mar coastal forests",NA,"Serra do Mar",NA,NA
"bat1111","Brazil","SAO PAULO","SAO CARLOS","Canchim","-21.96365600000","-47.84608900000","Precise",15,NA,860,"19.5",1442,"Cerrado Woodlands and Savannas","Cerrado","Savana","Interior Forests",NA,NA
"bat1112","Brazil","MINAS GERAIS","SANTANA DO RIACHO","Chapeu do Sol Cipo","-19.30089400000","-43.60111000000","Precise",NA,NA,1030,"19.5",1541,"Cerrado Woodlands and Savannas","Cerrado",NA,"Interior Forests",NA,NA
"bat1113","Brazil","MINAS GERAIS","BELO HORIZONTE","EECO UFMG","-19.87646900000","-43.97232600000","Precise",NA,NA,841,"20.9",1411,"Atlantic Forests","Bahia interior forests","Semideciduous Forest","Interior Forests",NA,NA
"bat1114","Brazil","MINAS GERAIS","CONTAGEM","Guapimirim","-19.90493500000","-44.04318400000","Precise",NA,NA,863,"20.9",1408,"Atlantic Forests","Bahia interior forests","Semideciduous Forest","Interior Forests","N",NA
"bat1115","Brazil","RIO DE JANEIRO","PETROPOLIS","Itaipava","-22.38382800000","-43.14680600000","Precise",NA,NA,787,"19.1",1767,"Atlantic Forests","Serra do Mar coastal forests","Dense Ombrophilous Forest","Serra do Mar","N",NA
"bat1116","Brazil","RIO DE JANEIRO","PARATY","Mambucaba","-23.01811100000","-44.54906600000","Precise",NA,NA,5,"23.3",1939,NA,"Southern Atlantic mangroves",NA,"Serra do Mar","N",NA
"bat1117","Brazil","MINAS GERAIS","BELO HORIZONTE","MNJB UFMG","-19.89339800000","-43.91636700000","Precise",NA,NA,854,"20.6",1426,"Atlantic Forests","Bahia interior forests","Semideciduous Forest","Interior Forests","Y",NA
"bat1118","Brazil","RIO DE JANEIRO","NOVA FRIBURGO","Mury","-22.32893400000","-42.48888000000","Precise",NA,NA,1138,"17.1",1479,"Atlantic Forests","Serra do Mar coastal forests","Dense Ombrophilous Forest","Serra do Mar","N",NA
"bat1119","Brazil","RIO DE JANEIRO","RIO DE JANEIRO","Pao de Acucar","-22.95225000000","-43.15853200000","Precise",NA,NA,69,"23.4",1274,"Atlantic Forests","Serra do Mar coastal forests",NA,"Serra do Mar","Y","Natural Monument"
"bat1120","Brazil","SAO PAULO","CANANEIA","PE Ilha do Cardoso","-25.09583800000","-47.92974300000","Precise",NA,NA,23,"22.5",2490,"Atlantic Forests","Serra do Mar coastal forests","Dense Ombrophilous Forest","Serra do Mar","Y","Park"
"bat1121","Brazil","SAO PAULO","IPORANGA","PE Intervales","-24.27236600000","-48.41609700000","Precise",NA,NA,828,"17.8",1386,"Atlantic Forests","Alto Parana Atlantic forests",NA,"Interior Forests","Y","Park"
"bat1122","Brazil","MINAS GERAIS","MARLIERIA","PE Rio Doce","-19.76414100000","-42.63106000000","Precise",NA,NA,337,"23.1",1156,"Atlantic Forests","Bahia interior forests","Semideciduous Forest","Interior Forests","Y","Park"
"bat1123","Brazil","SAO PAULO","UBATUBA","PE Serra do Mar Picinguaba","-23.35647500000","-44.86363300000","Precise",NA,NA,7,"23.2",2449,"Atlantic Forests","Serra do Mar coastal forests",NA,"Serra do Mar","Y","Park"
"bat1124","Brazil","RIO DE JANEIRO","CARAPEBUS","PN Restinga de Jurubatiba","-22.23014800000","-41.58455900000","Precise",NA,NA,10,"23",1097,"Atlantic Forests","Atlantic Coast restingas",NA,"Interior Forests","Y","Park"
"bat1125","Brazil","MINAS GERAIS","JABOTICATUBAS","PN Serra do Cipo","-19.35355500000","-43.60734600000","Precise",NA,NA,817,"20.7",1495,"Cerrado Woodlands and Savannas","Cerrado",NA,"Interior Forests","Y","Park"
"bat1126","Brazil","RIO DE JANEIRO","SILVA JARDIM","RB Poco das Antas","-22.58381800000","-42.26197100000","Precise",6100,"35",9,"23.2",1076,"Atlantic Forests","Serra do Mar coastal forests","Dense Ombrophilous Forest","Serra do Mar","Y","Biological Reserve"
"bat1127","Brazil","RIO DE JANEIRO","RIO DAS OSTRAS","RB Uniao","-22.42165300000","-42.03627100000","Precise",24,"30",65,"22.8",1138,"Atlantic Forests","Serra do Mar coastal forests","Dense Ombrophilous Forest","Serra do Mar","Y","Biological Reserve"
"bat1128","Brazil","RIO DE JANEIRO","RIO BONITO","Rio Vermelho","-22.73306000000","-42.57057500000","Precise",15,"372",91,"22.7",1181,"Atlantic Forests","Serra do Mar coastal forests","Dense Ombrophilous Forest","Serra do Mar","N",NA
"bat1129","Brazil","SAO PAULO","SAO CARLOS","UFSCar","-21.97189500000","-47.86754300000","Precise",NA,NA,868,"19.5",1443,"Cerrado Woodlands and Savannas","Cerrado","Savana","Interior Forests","N",NA
"bat1130","Brazil","RIO DE JANEIRO","MARICA","Area de Protecao Ambiental de Marica","-22.95861100000","-42.89407700000","Not-Precise",970,NA,12,"23.3",1198,"Atlantic Forests","Serra do Mar coastal forests",NA,"Serra do Mar","Y",NA
"bat1131","Brazil","SANTA CATARINA","FLORIANOPOLIS","Ilha de Ratones Grande","-27.47631500000","-48.56278000000","Not-Precise",19,"34",NA,NA,NA,NA,NA,NA,"Serra do Mar","N",NA
"bat1132","Brazil","SANTA CATARINA",NA,"P4 Parque Eolico do Horizonte e Parque Eolico de Agua Doce","-26.58222200000","-51.71222200000","Precise",NA,NA,1250,"14.9",1888,"Atlantic Forests","Araucaria moist forests","Savana","Florestas de Araucaria","N",NA
"bat1133","Brazil","SANTA CATARINA",NA,"P5 Parque Eolico do Horizonte e Parque Eolico de Agua Doce","-26.58888900000","-51.69611100000","Precise",NA,NA,1257,"14.9",1885,"Atlantic Forests","Araucaria moist forests","Savana","Florestas de Araucaria","N",NA
"bat1134","Brazil","SANTA CATARINA","INDAIAL","Parque Nacional da Serra do Itajai","-27.10962600000","-49.18535800000","Not-Precise",57374,NA,739,"16.8",1649,"Atlantic Forests","Serra do Mar coastal forests","Dense Ombrophilous Forest","Serra do Mar","Y","Park"
"bat1135","Brazil","SANTA CATARINA","BLUMENAU","Parque Natural Municipal São Francisco de Assis","-26.92169300000","-49.07662800000","Not-Precise",23,NA,95,"20",1585,"Atlantic Forests","Serra do Mar coastal forests","Dense Ombrophilous Forest","Serra do Mar",NA,"Park"
"bat1136","Brazil","SANTA CATARINA","BLUMENAU","Morro da Banana","-26.90282400000","-49.07220700000","Not-Precise",60,NA,58,"20.2",1561,"Atlantic Forests","Serra do Mar coastal forests","Dense Ombrophilous Forest","Serra do Mar","N",NA
"bat1137","Brazil","PARANA","PARANAGUA","Floresta Estadual do Palmito","-25.58333300000","-48.55000000000","Not-Precise",530,NA,21,"20.5",2050,"Atlantic Forests","Serra do Mar coastal forests","Dense Ombrophilous Forest","Serra do Mar","Y","Park"
"bat1138","Brazil","PARANA","GUARATUBA","Reserva Particular do Patrimonio Natural Bicudinho-do-brejo","-25.75000000000","-48.71666700000","Not-Precise",28,"15",4,"21",1946,"Atlantic Forests","Serra do Mar coastal forests","Dense Ombrophilous Forest","Serra do Mar","Y",NA
"bat1139","Brazil","PARANA","MATINHOS","Parque Estadual Rio da Onca","-25.78500000000","-48.51916700000","Not-Precise",118.51,NA,NA,NA,NA,"Atlantic Forests","Serra do Mar coastal forests",NA,"Serra do Mar","Y","Park"
"bat1140","Brazil","PARANA","GUARAQUECABA","Reserva Natural Salto Morato","-25.16666700000","-48.30000000000","Not-Precise",2253,NA,114,"21.8",2166,"Atlantic Forests","Serra do Mar coastal forests","Dense Ombrophilous Forest","Serra do Mar","Y",NA
"bat1141","Brazil","BAHIA","CAMACAN","Reserva Serra Bonita","-15.39191700000","-39.56613900000","Precise",2000,"6",825,"20",1135,"Atlantic Forests","Bahia coastal forests","Dense Ombrophilous Forest","Bahia","Y",NA
"bat1142","Brazil","SAO PAULO","IPEUNA","Area de Protecao Ambiental Corumbatai","-22.43583000000","-47.71889000000","Not-Precise",NA,NA,636,"20.2",1336,"Cerrado Woodlands and Savannas","Cerrado","Savana","Interior Forests","Y",NA
"bat1143","Brazil","PARANA","TUNAS DO PARANA","Campinhos State Park","-24.97389000000","-49.08583000000","Not-Precise",37,NA,888,"17.7",1511,"Atlantic Forests","Araucaria moist forests",NA,"Serra do Mar","Y","Park"
"bat1144","Brazil","SANTA CATARINA","PEDRAS GRANDES","Forest fragment","-28.48361000000","-49.25528000000","Precise",7,"4",285,"18.7",1470,"Atlantic Forests","Serra do Mar coastal forests","Dense Ombrophilous Forest","Serra do Mar","N",NA
"bat1145","Brazil","SANTA CATARINA","PEDRAS GRANDES","Forest fragment","-28.48361000000","-49.25528000000","Precise",7,"4",285,"18.7",1470,"Atlantic Forests","Serra do Mar coastal forests","Dense Ombrophilous Forest","Serra do Mar","N",NA
"bat1146","Brazil","SANTA CATARINA","PEDRAS GRANDES","Forest fragment","-28.48361000000","-49.25528000000","Precise",7,"4",285,"18.7",1470,"Atlantic Forests","Serra do Mar coastal forests","Dense Ombrophilous Forest","Serra do Mar","N",NA
"bat1147","Brazil","RIO DE JANEIRO","CACHOEIRAS DE MACACU","The Reserva Ecologica de Guapiacu REGUA ","-22.43139000000","-42.75556000000","Precise",5500,NA,51,"23.1",1361,"Atlantic Forests","Serra do Mar coastal forests","Dense Ombrophilous Forest","Serra do Mar","Y",NA
"bat1148","Brazil","PERNAMBUCO","MORENO","Santa Beatriz do Carnijo Private Natural Heritage Reserve ","-8.11861000000","-35.09222000000","Precise",25,NA,80,"24.7",1283,"Atlantic Forests","Pernambuco coastal forests","Dense Ombrophilous Forest","Pernambuco","Y",NA
"bat1149","Brazil","MINAS GERAIS","ITAMONTE","Itatiaia National Park","-22.37528000000","-44.74417000000","Not-Precise",30000,"5",2043,"12.3",2186,"Atlantic Forests","Campos Rupestres montane savanna","Dense Ombrophilous Forest","Interior Forests","Y","Park"
"bat1150","Brazil","MINAS GERAIS","ITAMONTE","Itatiaia National Park","-22.37528000000","-44.74417000000","Not-Precise",30000,"1",2043,"12.3",2186,"Atlantic Forests","Campos Rupestres montane savanna","Dense Ombrophilous Forest","Interior Forests","Y","Park"
"bat1151","Brazil","MINAS GERAIS","ITAMONTE","Itatiaia National Park","-22.37528000000","-44.74417000000","Not-Precise",30000,"2",2043,"12.3",2186,"Atlantic Forests","Campos Rupestres montane savanna","Dense Ombrophilous Forest","Interior Forests","Y","Park"
"bat1152","Brazil","MINAS GERAIS","ITAMONTE","Itatiaia National Park","-22.37528000000","-44.74417000000","Not-Precise",30000,"3",2043,"12.3",2186,"Atlantic Forests","Campos Rupestres montane savanna","Dense Ombrophilous Forest","Interior Forests","Y","Park"
"bat1153","Brazil","SAO PAULO","SAO CARLOS","Riparian Forest near to Trilha da Natueza and ABASC UFSCar","-21.97105000000","-47.88408100000","Precise",672,"856",859,"19.5",1442,"Cerrado Woodlands and Savannas","Cerrado","Savana","Interior Forests","N",NA
"bat1154","Argentina","MISIONES","ARISTOBULO DEL VALLE","Reserva Privada de Usos Multiples Valle del Cuna Piru in Misiones","-27.12417300000","-54.95045400000","Not-Precise",6144,"228",323,"19.8",1622,"Atlantic Forests","Alto Parana Atlantic forests",NA,NA,"Y","Private Reserve"
"bat1155","Argentina","MISIONES","APOSTOLES","Misiones e Corrientes","-27.90000000000","-55.75000000000","Not-Precise",NA,NA,177,"20.6",1690,NA,"Southern Cone Mesopotamian savanna",NA,NA,NA,NA
"bat1156","Argentina","MISIONES","PUERTO IGUAZU","Parque Nacional Iguazu","-25.67962500000","-54.45448500000","Not-Precise",67000,"200",180,"21.2",1711,"Atlantic Forests","Alto Parana Atlantic forests",NA,NA,"Y","National reserve"
"bat1157","Paraguay","CANINDEYU","VILLA YGATMI","Region within and adjacent to the Reserva Natural del Bosque Mbaracayu","-24.12266900000","-55.44716100000","Not-Precise",6445,"140-450",231,"22.2",1631,"Atlantic Forests","Alto Parana Atlantic forests",NA,NA,"Y","Private Reserve"
"bat1158","Brazil","SAO PAULO","SANTA BARBARA DOESTE","Jacomassa1 1998 regeneration","-22.82055100000","-47.41778300000","Precise",NA,"550",546,"20.4",1244,"Atlantic Forests","Alto Parana Atlantic forests",NA,"Interior Forests",NA,NA
"bat1159","Brazil","SAO PAULO","IRACEMAPOLIS","Jacomassa2 1987 regeneration Iracemapolis","-22.56917400000","-47.50527500000","Precise",NA,"610",621,"20.3",1292,"Atlantic Forests","Alto Parana Atlantic forests","Semideciduous Forest","Interior Forests",NA,NA
"bat1160","Brazil","SAO PAULO","COSMOPOLIS","Jacomassa3 1995 or 60 regeneration Cosmopolis","-22.67112100000","-47.20500300000","Precise",NA,"570",563,"20.1",1272,"Cerrado Woodlands and Savannas","Cerrado",NA,"Interior Forests",NA,NA
"bat1161","Brazil","SAO PAULO","RIO CLARO","Jacomassa4 native rio claro","-22.35892800000","-47.47808500000","Precise",NA,"660",666,"20",1326,"Atlantic Forests","Alto Parana Atlantic forests","Semideciduous Forest","Interior Forests",NA,NA
"bat1162","Brazil","SAO PAULO","RIO CLARO","Jacomassa5 regenerating unesp campus","-22.39637900000","-47.54448200000","Precise",NA,"620",628,"20.2",1301,"Atlantic Forests","Alto Parana Atlantic forests","Semideciduous Forest","Interior Forests",NA,NA
"bat1163","Brazil","RIO DE JANEIRO","RIO DE JANEIRO","Acude da Solidao","-22.96145300000","-43.41187300000","Not-Precise",NA,NA,13,"23.3",1221,"Atlantic Forests","Serra do Mar coastal forests","Dense Ombrophilous Forest","Serra do Mar","Y",NA
"bat1164","Brazil","RIO DE JANEIRO","PATY DO ALFERES","Belvedere","-22.44000000000","-43.42000000000","Not-Precise",NA,NA,688,"19.6",1645,"Atlantic Forests","Serra do Mar coastal forests","Dense Ombrophilous Forest","Serra do Mar","Y",NA
"bat1165","Brazil","RIO DE JANEIRO","MIGUEL PEREIRA","Cacaria","-22.53000000000","-43.51000000000","Not-Precise",NA,NA,481,"20.7",1646,"Atlantic Forests","Serra do Mar coastal forests","Dense Ombrophilous Forest","Serra do Mar","Y",NA
"bat1166","Brazil","RIO DE JANEIRO","GUAPIMIRIM","Estacao Ecologica Estadual Paraiso corrected and updates after paper","-22.49218525000","-42.94280218000","Not-Precise",34,"512",160,"22.4",1570,"Atlantic Forests","Serra do Mar coastal forests","Dense Ombrophilous Forest","Serra do Mar","Y","Ecological Station"
"bat1167","Brazil","MINAS GERAIS","BOCAINA DE MINAS","Fazenda Marimbondo","-22.22000000000","-44.35000000000","Not-Precise",NA,NA,1200,"16.9",1629,"Atlantic Forests","Alto Parana Atlantic forests","Semideciduous Forest","Interior Forests","Y",NA
"bat1168","Brazil","RIO DE JANEIRO","ANGRA DOS REIS","Ilha da Gipoia corrected and updated after paper","-23.03452286000","-44.37585661000","Not-Precise",11,"0",NA,NA,NA,NA,NA,NA,"Serra do Mar","Y",NA
"bat1169","Brazil","RIO DE JANEIRO","ITAGUAI","Ilha de Itacuruca","-22.93339200000","-43.88334500000","Not-Precise",NA,NA,NA,NA,NA,"Atlantic Forests","Serra do Mar coastal forests",NA,"Serra do Mar","Y",NA
"bat1170","Brazil","RIO DE JANEIRO","MANGARATIBA","Ilha de Jaguanum","-22.99969600000","-43.92667000000","Not-Precise",NA,NA,NA,NA,NA,NA,NA,NA,"Serra do Mar","Y",NA
"bat1171","Brazil","RIO DE JANEIRO","ANGRA DOS REIS","Ilha Grande","-23.14218200000","-44.18731400000","Not-Precise",18,"445",364,"21.6",1451,"Atlantic Forests","Serra do Mar coastal forests","Dense Ombrophilous Forest","Serra do Mar","Y","Park"
"bat1172","Brazil","RIO DE JANEIRO","RIO DE JANEIRO","JBRJ Jardim Botanico do Rio de Janeiro","-22.96872699000","-43.22509205000","Not-Precise",13,"55",19,"22.9",1408,"Atlantic Forests","Serra do Mar coastal forests",NA,"Serra do Mar","Y",NA
"bat1173","Brazil","RIO DE JANEIRO","MIRACEMA","Miracema Paraiso do Tobias","-21.34856000000","-42.17130900000","Not-Precise",NA,NA,481,"20.9",1330,"Atlantic Forests","Bahia interior forests","Semideciduous Forest","Interior Forests","Y",NA
"bat1174","Brazil","RIO DE JANEIRO","RIO DE JANEIRO","Morro de Sao Joao","-22.90958100000","-43.26095900000","Not-Precise",NA,NA,82,"22.6",1326,"Atlantic Forests","Serra do Mar coastal forests","Dense Ombrophilous Forest","Serra do Mar","Y",NA
"bat1175","Brazil","RIO DE JANEIRO","RIO DE JANEIRO","Parque da Catacumba","-22.97186300000","-43.20401700000","Not-Precise",NA,NA,56,"22.8",1370,"Atlantic Forests","Serra do Mar coastal forests",NA,"Serra do Mar","Y",NA
"bat1176","Brazil","RIO DE JANEIRO","CAMPOS DOS GOYTACAZES","Parque Estadual do Desengano","-21.88103500000","-41.82646300000","Not-Precise",NA,NA,401,"21",1295,"Atlantic Forests","Serra do Mar coastal forests","Dense Ombrophilous Forest","Serra do Mar","Y","Park"
"bat1177","Brazil","RIO DE JANEIRO","RIO DE JANEIRO","Parque Estadual do Grajau RFG","-23.00302415000","-43.27892298000","Not-Precise",36,"0",0,"23.1",1328,"Atlantic Forests","Serra do Mar coastal forests",NA,"Serra do Mar","Y","Park"
"bat1178","Brazil","RIO DE JANEIRO","RIO DE JANEIRO","Parque Henrique Lage","-22.96064700000","-43.21201100000","Not-Precise",NA,NA,9,"23",1376,"Atlantic Forests","Serra do Mar coastal forests",NA,"Serra do Mar","Y","Park"
"bat1179","Brazil","RIO DE JANEIRO","CARAPEBUS","Parque Nacional da Restinga de Jurubatiba","-22.22417900000","-41.57317900000","Not-Precise",NA,NA,9,"23",1094,"Atlantic Forests","Atlantic Coast restingas",NA,"Interior Forests","Y","Park"
"bat1180","Brazil","RIO DE JANEIRO","RIO DE JANEIRO","Parque Nacional da Tijuca","-22.95674577000","-43.27867940000","Not-Precise",27,"523",523,"20.3",1626,"Atlantic Forests","Serra do Mar coastal forests","Dense Ombrophilous Forest","Serra do Mar","Y","Park"
"bat1181","Brazil","RIO DE JANEIRO","RIO DE JANEIRO","Parque Natural Municipal Chico Mendes","-23.02548500000","-43.47103700000","Not-Precise",NA,NA,NA,NA,NA,"Atlantic Forests","Serra do Mar coastal forests",NA,"Serra do Mar","Y","Park"
"bat1182","Brazil","RIO DE JANEIRO","RIO DE JANEIRO","PG Parque da Gavea correct and updated after paper","-22.97856606000","-43.24262066000","Not-Precise",32,"80",224,"21.9",1442,"Atlantic Forests","Serra do Mar coastal forests",NA,"Serra do Mar","Y","Park"
"bat1183","Brazil","RIO DE JANEIRO","PATY DO ALFERES","Ponte Coberta","-22.39265000000","-43.48097000000","Not-Precise",NA,NA,669,"19.8",1569,"Atlantic Forests","Serra do Mar coastal forests","Dense Ombrophilous Forest","Serra do Mar","Y",NA
"bat1184","Brazil","RIO DE JANEIRO","RIO DE JANEIRO","PP21 Parque Municipal do Penhasco Dois Irmaos corrected and updated after paper","-22.98908200000","-43.23399300000","Not-Precise",29,"23",156,"22.3",1397,"Atlantic Forests","Serra do Mar coastal forests",NA,"Serra do Mar","Y","Park"
"bat1185","Brazil","ESPIRITO SANTO","PRESIDENTE KENNEDY","Praia das Neves","-21.24974000000","-40.96773000000","Not-Precise",NA,NA,6,"23.2",965,"Atlantic Forests","Bahia interior forests",NA,"Interior Forests",NA,NA
"bat1186","Brazil","RIO DE JANEIRO","PARATY","Praia do Sono","-23.33091000000","-44.63921000000","Not-Precise",NA,NA,11,"23.6",2232,"Atlantic Forests","Serra do Mar coastal forests",NA,"Serra do Mar","Y",NA
"bat1187","Brazil","RIO DE JANEIRO","RIO DE JANEIRO","Quinta da Boa Vista","-22.90573000000","-43.22363300000","Not-Precise",NA,NA,13,"23.1",1277,"Atlantic Forests","Serra do Mar coastal forests","Dense Ombrophilous Forest","Serra do Mar","Y",NA
"bat1188","Brazil","RIO DE JANEIRO","PETROPOLIS","Reserva Biologica de Araras","-22.43534100000","-43.25756700000","Not-Precise",NA,NA,1198,"16.9",1793,"Atlantic Forests","Serra do Mar coastal forests","Dense Ombrophilous Forest","Serra do Mar","Y",NA
"bat1189","Brazil","RIO DE JANEIRO","CACHOEIRAS DE MACACU","Reserva Ecologica de Guapiacu","-22.40027000000","-42.73327400000","Not-Precise",NA,NA,389,"21.3",1518,"Atlantic Forests","Serra do Mar coastal forests","Dense Ombrophilous Forest","Serra do Mar","Y",NA
"bat1190","Brazil","RIO DE JANEIRO","MANGARATIBA","Rio das Pedras corrected and updated after paper","-22.99281900000","-44.09504400000","Not-Precise",12,"155",NA,NA,NA,"Atlantic Forests","Serra do Mar coastal forests",NA,"Serra do Mar","Y",NA
"bat1191","Brazil","RIO DE JANEIRO","RIO DE JANEIRO","RT Reserva dos Trapicheiros corrected and updated after paper","-22.93816631000","-43.22428929000","Not-Precise",1,"285",298,"21.5",1525,"Atlantic Forests","Serra do Mar coastal forests",NA,"Serra do Mar","Y","Park"
"bat1192","Brazil","MINAS GERAIS","ITAMONTE","Parque Estadual da Serra do Papagaio","-22.20630000000","-44.78609700000","Not-Precise",22917,NA,1900,"13.3",2057,"Atlantic Forests","Campos Rupestres montane savanna",NA,"Interior Forests","Y",NA
"bat1193","Brazil","SAO PAULO","SAO PAULO","Parque Estadual da Cantareira","-23.42000900000","-46.62001300000","Precise",7916,"1250",1129,"16.1",1517,"Atlantic Forests","Serra do Mar coastal forests","Dense Ombrophilous Forest","Serra do Mar","Y","Park"
"bat1194","Brazil","SERGIPE","CAPELA","Refugio Mata do Junco","-10.54003200000","-37.06005700000","Not-Precise",1520,NA,164,"24.3",1282,NA,"Caatinga",NA,"Bahia","Y","Wildlife refuge"
"bat1195","Brazil","SAO PAULO","CANANEIA","Planicie do Ariri Cananeia","-25.17000000000","-48.08000000000","Precise",209345,NA,22,"22.6",2434,"Atlantic Forests","Serra do Mar coastal forests","Dense Ombrophilous Forest","Serra do Mar","Y",NA
"bat1196","Brazil","SAO PAULO","CANANEIA","Serra Gigante do Ariri Cananeia","-25.13000000000","-48.13000000000","Precise",209345,NA,249,"21",2240,"Atlantic Forests","Serra do Mar coastal forests","Dense Ombrophilous Forest","Serra do Mar","Y","Park"
"bat1197","Brazil","SERGIPE","AREIA BRANCA","Parque Nacional Itabaiana","-10.80000000000","-37.33000000000","Not-Precise",NA,"670",163,"24.2",1341,NA,"Caatinga",NA,"Bahia","Y","Park"
"bat1198","Brazil","MINAS GERAIS","VICOSA","Mata do Paraiso","-20.80000000000","-42.86000000000","Precise",NA,"720",799,"19.7",1296,"Atlantic Forests","Bahia interior forests","Semideciduous Forest","Interior Forests","Y",NA
"bat1199","Brazil","PARAIBA","RIO TINTO","Reserva Guaribas","-6.80000000000","-35.10000000000","Precise",338.8,"100",120,"25.1",1330,"Atlantic Forests","Pernambuco interior forests",NA,"Pernambuco","Y","Biological Reserve"
"bat1200","Brazil","PARANA","PORTO RICO","Alto Rio Parana","-22.75000000000","-53.28000000000","Precise",1035,NA,243,"22.8",1282,"Atlantic Forests","Alto Parana Atlantic forests",NA,"Interior Forests",NA,NA
"bat1201","Brazil","PARANA","TURVO","Parque Sao Francisco da Esperança","-25.06000000000","-51.33000000000","Precise",NA,NA,1142,"16.5",1699,"Atlantic Forests","Araucaria moist forests","Mixed Ombrophilous Forest","Florestas de Araucaria","Y",NA
"bat1202","Brazil","PARANA","PINHAO","Jardim Botanico de Faxinal do Ceu","-25.91000000000","-51.59000000000","Precise",NA,NA,1167,"15.6",1789,"Atlantic Forests","Araucaria moist forests","Mixed Ombrophilous Forest","Florestas de Araucaria","Y",NA
"bat1203","Brazil","RIO GRANDE DO SUL","PORTO ALEGRE","Morro Sao Pedro","-30.19000000000","-51.11000000000","Precise",142,NA,135,"18.7",1467,NA,"Uruguayan savanna",NA,"Interior Forests","Y",NA
"bat1204","Brazil","PERNAMBUCO","ABREU E LIMA","Estacao Ecologica de Caetes","-7.91000000000","-34.95000000000","Precise",157,NA,113,"24.9",1702,NA,"Southern Atlantic mangroves","Open Ombrophilous Forest","Pernambuco","Y","Ecological Station"
"bat1205","Brazil","ESPIRITO SANTO","SOORETAMA","Reserva Biologica de Sooretama","-19.0106440000","-40.12447800000","Not-Precise",27946,NA,76,"26.1",1600,"Atlantic Forests","Bahia coastal forests","Dense Ombrophilous Forest","Bahia","Y","Biological Reserve"
